Item Name,Base,Protein,Sauce,Spice Level,Price,Is_Vegan,Is_Vegetarian,Description
Rice Veg Chilli 65 Mid,Rice,Veg,Chilli 65,Mid,10,Yes,Yes,"Rice with veg in Chilli 65 sauce, mid spice. Classic South Indian fried, spicy yogurt sauce, curry leaves, red chili"
Rice Veg Chilli 65 Spicy,Rice,Veg,Chilli 65,Spicy,10,Yes,Yes,"Rice with veg in Chilli 65 sauce, spicy spice. Classic South Indian fried, spicy yogurt sauce, curry leaves, red chili"
Rice Veg Chilli 65 Very Spicy,Rice,Veg,Chilli 65,Very Spicy,10,Yes,Yes,"Rice with veg in Chilli 65 sauce, very spicy spice. Classic South Indian fried, spicy yogurt sauce, curry leaves, red chili"
Rice Veg Honey Chilli Mid,Rice,Veg,Honey Chilli,Mid,10,Yes,Yes,"Rice with veg in Honey Chilli sauce, mid spice. Sweet and spicy glaze, sesame"
Rice Veg Honey Chilli Spicy,Rice,Veg,Honey Chilli,Spicy,10,Yes,Yes,"Rice with veg in Honey Chilli sauce, spicy spice. Sweet and spicy glaze, sesame"
Rice Veg Honey Chilli Very Spicy,Rice,Veg,Honey Chilli,Very Spicy,10,Yes,Yes,"Rice with veg in Honey Chilli sauce, very spicy spice. Sweet and spicy glaze, sesame"
Rice Veg Burnt Garlic Mid,Rice,Veg,Burnt Garlic,Mid,10,Yes,Yes,"Rice with veg in Burnt Garlic sauce, mid spice. Smoky garlic and soy, earthy, umami, not spicy"
Rice Veg Burnt Garlic Spicy,Rice,Veg,Burnt Garlic,Spicy,10,Yes,Yes,"Rice with veg in Burnt Garlic sauce, spicy spice. Smoky garlic and soy, earthy, umami, not spicy"
Rice Veg Burnt Garlic Very Spicy,Rice,Veg,Burnt Garlic,Very Spicy,10,Yes,Yes,"Rice with veg in Burnt Garlic sauce, very spicy spice. Smoky garlic and soy, earthy, umami, not spicy"
Rice Veg Kung Pao Mid,Rice,Veg,Kung Pao,Mid,10,Yes,Yes,"Rice with veg in Kung Pao sauce, mid spice. Soy, garlic, chili, roasted peanuts, spicy"
Rice Veg Kung Pao Spicy,Rice,Veg,Kung Pao,Spicy,10,Yes,Yes,"Rice with veg in Kung Pao sauce, spicy spice. Soy, garlic, chili, roasted peanuts, spicy"
Rice Veg Kung Pao Very Spicy,Rice,Veg,Kung Pao,Very Spicy,10,Yes,Yes,"Rice with veg in Kung Pao sauce, very spicy spice. Soy, garlic, chili, roasted peanuts, spicy"
Rice Veg Dragon Mid,Rice,Veg,Dragon,Mid,10,Yes,Yes,"Rice with veg in Dragon sauce, mid spice. Smoky, bold, red chili sauce, spicy"
Rice Veg Dragon Spicy,Rice,Veg,Dragon,Spicy,10,Yes,Yes,"Rice with veg in Dragon sauce, spicy spice. Smoky, bold, red chili sauce, spicy"
Rice Veg Dragon Very Spicy,Rice,Veg,Dragon,Very Spicy,10,Yes,Yes,"Rice with veg in Dragon sauce, very spicy spice. Smoky, bold, red chili sauce, spicy"
Rice Veg Manchurian Mid,Rice,Veg,Manchurian,Mid,10,Yes,Yes,"Rice with veg in Manchurian sauce, mid spice. Soy-ginger-garlic gravy, umami, Indo-Chinese"
Rice Veg Manchurian Spicy,Rice,Veg,Manchurian,Spicy,10,Yes,Yes,"Rice with veg in Manchurian sauce, spicy spice. Soy-ginger-garlic gravy, umami, Indo-Chinese"
Rice Veg Manchurian Very Spicy,Rice,Veg,Manchurian,Very Spicy,10,Yes,Yes,"Rice with veg in Manchurian sauce, very spicy spice. Soy-ginger-garlic gravy, umami, Indo-Chinese"
Rice Paneer Chilli 65 Mid,Rice,Paneer,Chilli 65,Mid,14,No,Yes,"Rice with paneer in Chilli 65 sauce, mid spice. Classic South Indian fried, spicy yogurt sauce, curry leaves, red chili"
Rice Paneer Chilli 65 Spicy,Rice,Paneer,Chilli 65,Spicy,14,No,Yes,"Rice with paneer in Chilli 65 sauce, spicy spice. Classic South Indian fried, spicy yogurt sauce, curry leaves, red chili"
Rice Paneer Chilli 65 Very Spicy,Rice,Paneer,Chilli 65,Very Spicy,14,No,Yes,"Rice with paneer in Chilli 65 sauce, very spicy spice. Classic South Indian fried, spicy yogurt sauce, curry leaves, red chili"
Rice Paneer Honey Chilli Mid,Rice,Paneer,Honey Chilli,Mid,14,No,Yes,"Rice with paneer in Honey Chilli sauce, mid spice. Sweet and spicy glaze, sesame"
Rice Paneer Honey Chilli Spicy,Rice,Paneer,Honey Chilli,Spicy,14,No,Yes,"Rice with paneer in Honey Chilli sauce, spicy spice. Sweet and spicy glaze, sesame"
Rice Paneer Honey Chilli Very Spicy,Rice,Paneer,Honey Chilli,Very Spicy,14,No,Yes,"Rice with paneer in Honey Chilli sauce, very spicy spice. Sweet and spicy glaze, sesame"
Rice Paneer Burnt Garlic Mid,Rice,Paneer,Burnt Garlic,Mid,14,No,Yes,"Rice with paneer in Burnt Garlic sauce, mid spice. Smoky garlic and soy, earthy, umami, not spicy"
Rice Paneer Burnt Garlic Spicy,Rice,Paneer,Burnt Garlic,Spicy,14,No,Yes,"Rice with paneer in Burnt Garlic sauce, spicy spice. Smoky garlic and soy, earthy, umami, not spicy"
Rice Paneer Burnt Garlic Very Spicy,Rice,Paneer,Burnt Garlic,Very Spicy,14,No,Yes,"Rice with paneer in Burnt Garlic sauce, very spicy spice. Smoky garlic and soy, earthy, umami, not spicy"
Rice Paneer Kung Pao Mid,Rice,Paneer,Kung Pao,Mid,14,No,Yes,"Rice with paneer in Kung Pao sauce, mid spice. Soy, garlic, chili, roasted peanuts, spicy"
Rice Paneer Kung Pao Spicy,Rice,Paneer,Kung Pao,Spicy,14,No,Yes,"Rice with paneer in Kung Pao sauce, spicy spice. Soy, garlic, chili, roasted peanuts, spicy"
Rice Paneer Kung Pao Very Spicy,Rice,Paneer,Kung Pao,Very Spicy,14,No,Yes,"Rice with paneer in Kung Pao sauce, very spicy spice. Soy, garlic, chili, roasted peanuts, spicy"
Rice Paneer Dragon Mid,Rice,Paneer,Dragon,Mid,14,No,Yes,"Rice with paneer in Dragon sauce, mid spice. Smoky, bold, red chili sauce, spicy"
Rice Paneer Dragon Spicy,Rice,Paneer,Dragon,Spicy,14,No,Yes,"Rice with paneer in Dragon sauce, spicy spice. Smoky, bold, red chili sauce, spicy"
Rice Paneer Dragon Very Spicy,Rice,Paneer,Dragon,Very Spicy,14,No,Yes,"Rice with paneer in Dragon sauce, very spicy spice. Smoky, bold, red chili sauce, spicy"
Rice Paneer Manchurian Mid,Rice,Paneer,Manchurian,Mid,14,No,Yes,"Rice with paneer in Manchurian sauce, mid spice. Soy-ginger-garlic gravy, umami, Indo-Chinese"
Rice Paneer Manchurian Spicy,Rice,Paneer,Manchurian,Spicy,14,No,Yes,"Rice with paneer in Manchurian sauce, spicy spice. Soy-ginger-garlic gravy, umami, Indo-Chinese"
Rice Paneer Manchurian Very Spicy,Rice,Paneer,Manchurian,Very Spicy,14,No,Yes,"Rice with paneer in Manchurian sauce, very spicy spice. Soy-ginger-garlic gravy, umami, Indo-Chinese"
Rice Chicken Chilli 65 Mid,Rice,Chicken,Chilli 65,Mid,14,No,No,"Rice with chicken in Chilli 65 sauce, mid spice. Classic South Indian fried, spicy yogurt sauce, curry leaves, red chili"
Rice Chicken Chilli 65 Spicy,Rice,Chicken,Chilli 65,Spicy,14,No,No,"Rice with chicken in Chilli 65 sauce, spicy spice. Classic South Indian fried, spicy yogurt sauce, curry leaves, red chili"
Rice Chicken Chilli 65 Very Spicy,Rice,Chicken,Chilli 65,Very Spicy,14,No,No,"Rice with chicken in Chilli 65 sauce, very spicy spice. Classic South Indian fried, spicy yogurt sauce, curry leaves, red chili"
Rice Chicken Honey Chilli Mid,Rice,Chicken,Honey Chilli,Mid,14,No,No,"Rice with chicken in Honey Chilli sauce, mid spice. Sweet and spicy glaze, sesame"
Rice Chicken Honey Chilli Spicy,Rice,Chicken,Honey Chilli,Spicy,14,No,No,"Rice with chicken in Honey Chilli sauce, spicy spice. Sweet and spicy glaze, sesame"
Rice Chicken Honey Chilli Very Spicy,Rice,Chicken,Honey Chilli,Very Spicy,14,No,No,"Rice with chicken in Honey Chilli sauce, very spicy spice. Sweet and spicy glaze, sesame"
Rice Chicken Burnt Garlic Mid,Rice,Chicken,Burnt Garlic,Mid,14,No,No,"Rice with chicken in Burnt Garlic sauce, mid spice. Smoky garlic and soy, earthy, umami, not spicy"
Rice Chicken Burnt Garlic Spicy,Rice,Chicken,Burnt Garlic,Spicy,14,No,No,"Rice with chicken in Burnt Garlic sauce, spicy spice. Smoky garlic and soy, earthy, umami, not spicy"
Rice Chicken Burnt Garlic Very Spicy,Rice,Chicken,Burnt Garlic,Very Spicy,14,No,No,"Rice with chicken in Burnt Garlic sauce, very spicy spice. Smoky garlic and soy, earthy, umami, not spicy"
Rice Chicken Kung Pao Mid,Rice,Chicken,Kung Pao,Mid,14,No,No,"Rice with chicken in Kung Pao sauce, mid spice. Soy, garlic, chili, roasted peanuts, spicy"
Rice Chicken Kung Pao Spicy,Rice,Chicken,Kung Pao,Spicy,14,No,No,"Rice with chicken in Kung Pao sauce, spicy spice. Soy, garlic, chili, roasted peanuts, spicy"
Rice Chicken Kung Pao Very Spicy,Rice,Chicken,Kung Pao,Very Spicy,14,No,No,"Rice with chicken in Kung Pao sauce, very spicy spice. Soy, garlic, chili, roasted peanuts, spicy"
Rice Chicken Dragon Mid,Rice,Chicken,Dragon,Mid,14,No,No,"Rice with chicken in Dragon sauce, mid spice. Smoky, bold, red chili sauce, spicy"
Rice Chicken Dragon Spicy,Rice,Chicken,Dragon,Spicy,14,No,No,"Rice with chicken in Dragon sauce, spicy spice. Smoky, bold, red chili sauce, spicy"
Rice Chicken Dragon Very Spicy,Rice,Chicken,Dragon,Very Spicy,14,No,No,"Rice with chicken in Dragon sauce, very spicy spice. Smoky, bold, red chili sauce, spicy"
Rice Chicken Manchurian Mid,Rice,Chicken,Manchurian,Mid,14,No,No,"Rice with chicken in Manchurian sauce, mid spice. Soy-ginger-garlic gravy, umami, Indo-Chinese"
Rice Chicken Manchurian Spicy,Rice,Chicken,Manchurian,Spicy,14,No,No,"Rice with chicken in Manchurian sauce, spicy spice. Soy-ginger-garlic gravy, umami, Indo-Chinese"
Rice Chicken Manchurian Very Spicy,Rice,Chicken,Manchurian,Very Spicy,14,No,No,"Rice with chicken in Manchurian sauce, very spicy spice. Soy-ginger-garlic gravy, umami, Indo-Chinese"
Rice Cauliflower Chilli 65 Mid,Rice,Cauliflower,Chilli 65,Mid,13,Yes,Yes,"Rice with cauliflower in Chilli 65 sauce, mid spice. Classic South Indian fried, spicy yogurt sauce, curry leaves, red chili"
Rice Cauliflower Chilli 65 Spicy,Rice,Cauliflower,Chilli 65,Spicy,13,Yes,Yes,"Rice with cauliflower in Chilli 65 sauce, spicy spice. Classic South Indian fried, spicy yogurt sauce, curry leaves, red chili"
Rice Cauliflower Chilli 65 Very Spicy,Rice,Cauliflower,Chilli 65,Very Spicy,13,Yes,Yes,"Rice with cauliflower in Chilli 65 sauce, very spicy spice. Classic South Indian fried, spicy yogurt sauce, curry leaves, red chili"
Rice Cauliflower Honey Chilli Mid,Rice,Cauliflower,Honey Chilli,Mid,13,Yes,Yes,"Rice with cauliflower in Honey Chilli sauce, mid spice. Sweet and spicy glaze, sesame"
Rice Cauliflower Honey Chilli Spicy,Rice,Cauliflower,Honey Chilli,Spicy,13,Yes,Yes,"Rice with cauliflower in Honey Chilli sauce, spicy spice. Sweet and spicy glaze, sesame"
Rice Cauliflower Honey Chilli Very Spicy,Rice,Cauliflower,Honey Chilli,Very Spicy,13,Yes,Yes,"Rice with cauliflower in Honey Chilli sauce, very spicy spice. Sweet and spicy glaze, sesame"
Rice Cauliflower Burnt Garlic Mid,Rice,Cauliflower,Burnt Garlic,Mid,13,Yes,Yes,"Rice with cauliflower in Burnt Garlic sauce, mid spice. Smoky garlic and soy, earthy, umami, not spicy"
Rice Cauliflower Burnt Garlic Spicy,Rice,Cauliflower,Burnt Garlic,Spicy,13,Yes,Yes,"Rice with cauliflower in Burnt Garlic sauce, spicy spice. Smoky garlic and soy, earthy, umami, not spicy"
Rice Cauliflower Burnt Garlic Very Spicy,Rice,Cauliflower,Burnt Garlic,Very Spicy,13,Yes,Yes,"Rice with cauliflower in Burnt Garlic sauce, very spicy spice. Smoky garlic and soy, earthy, umami, not spicy"
Rice Cauliflower Kung Pao Mid,Rice,Cauliflower,Kung Pao,Mid,13,Yes,Yes,"Rice with cauliflower in Kung Pao sauce, mid spice. Soy, garlic, chili, roasted peanuts, spicy"
Rice Cauliflower Kung Pao Spicy,Rice,Cauliflower,Kung Pao,Spicy,13,Yes,Yes,"Rice with cauliflower in Kung Pao sauce, spicy spice. Soy, garlic, chili, roasted peanuts, spicy"
Rice Cauliflower Kung Pao Very Spicy,Rice,Cauliflower,Kung Pao,Very Spicy,13,Yes,Yes,"Rice with cauliflower in Kung Pao sauce, very spicy spice. Soy, garlic, chili, roasted peanuts, spicy"
Rice Cauliflower Dragon Mid,Rice,Cauliflower,Dragon,Mid,13,Yes,Yes,"Rice with cauliflower in Dragon sauce, mid spice. Smoky, bold, red chili sauce, spicy"
Rice Cauliflower Dragon Spicy,Rice,Cauliflower,Dragon,Spicy,13,Yes,Yes,"Rice with cauliflower in Dragon sauce, spicy spice. Smoky, bold, red chili sauce, spicy"
Rice Cauliflower Dragon Very Spicy,Rice,Cauliflower,Dragon,Very Spicy,13,Yes,Yes,"Rice with cauliflower in Dragon sauce, very spicy spice. Smoky, bold, red chili sauce, spicy"
Rice Cauliflower Manchurian Mid,Rice,Cauliflower,Manchurian,Mid,13,Yes,Yes,"Rice with cauliflower in Manchurian sauce, mid spice. Soy-ginger-garlic gravy, umami, Indo-Chinese"
Rice Cauliflower Manchurian Spicy,Rice,Cauliflower,Manchurian,Spicy,13,Yes,Yes,"Rice with cauliflower in Manchurian sauce, spicy spice. Soy-ginger-garlic gravy, umami, Indo-Chinese"
Rice Cauliflower Manchurian Very Spicy,Rice,Cauliflower,Manchurian,Very Spicy,13,Yes,Yes,"Rice with cauliflower in Manchurian sauce, very spicy spice. Soy-ginger-garlic gravy, umami, Indo-Chinese"
Rice Soya Chilli 65 Mid,Rice,Soya,Chilli 65,Mid,14,Yes,Yes,"Rice with soya in Chilli 65 sauce, mid spice. Classic South Indian fried, spicy yogurt sauce, curry leaves, red chili"
Rice Soya Chilli 65 Spicy,Rice,Soya,Chilli 65,Spicy,14,Yes,Yes,"Rice with soya in Chilli 65 sauce, spicy spice. Classic South Indian fried, spicy yogurt sauce, curry leaves, red chili"
Rice Soya Chilli 65 Very Spicy,Rice,Soya,Chilli 65,Very Spicy,14,Yes,Yes,"Rice with soya in Chilli 65 sauce, very spicy spice. Classic South Indian fried, spicy yogurt sauce, curry leaves, red chili"
Rice Soya Honey Chilli Mid,Rice,Soya,Honey Chilli,Mid,14,Yes,Yes,"Rice with soya in Honey Chilli sauce, mid spice. Sweet and spicy glaze, sesame"
Rice Soya Honey Chilli Spicy,Rice,Soya,Honey Chilli,Spicy,14,Yes,Yes,"Rice with soya in Honey Chilli sauce, spicy spice. Sweet and spicy glaze, sesame"
Rice Soya Honey Chilli Very Spicy,Rice,Soya,Honey Chilli,Very Spicy,14,Yes,Yes,"Rice with soya in Honey Chilli sauce, very spicy spice. Sweet and spicy glaze, sesame"
Rice Soya Burnt Garlic Mid,Rice,Soya,Burnt Garlic,Mid,14,Yes,Yes,"Rice with soya in Burnt Garlic sauce, mid spice. Smoky garlic and soy, earthy, umami, not spicy"
Rice Soya Burnt Garlic Spicy,Rice,Soya,Burnt Garlic,Spicy,14,Yes,Yes,"Rice with soya in Burnt Garlic sauce, spicy spice. Smoky garlic and soy, earthy, umami, not spicy"
Rice Soya Burnt Garlic Very Spicy,Rice,Soya,Burnt Garlic,Very Spicy,14,Yes,Yes,"Rice with soya in Burnt Garlic sauce, very spicy spice. Smoky garlic and soy, earthy, umami, not spicy"
Rice Soya Kung Pao Mid,Rice,Soya,Kung Pao,Mid,14,Yes,Yes,"Rice with soya in Kung Pao sauce, mid spice. Soy, garlic, chili, roasted peanuts, spicy"
Rice Soya Kung Pao Spicy,Rice,Soya,Kung Pao,Spicy,14,Yes,Yes,"Rice with soya in Kung Pao sauce, spicy spice. Soy, garlic, chili, roasted peanuts, spicy"
Rice Soya Kung Pao Very Spicy,Rice,Soya,Kung Pao,Very Spicy,14,Yes,Yes,"Rice with soya in Kung Pao sauce, very spicy spice. Soy, garlic, chili, roasted peanuts, spicy"
Rice Soya Dragon Mid,Rice,Soya,Dragon,Mid,14,Yes,Yes,"Rice with soya in Dragon sauce, mid spice. Smoky, bold, red chili sauce, spicy"
Rice Soya Dragon Spicy,Rice,Soya,Dragon,Spicy,14,Yes,Yes,"Rice with soya in Dragon sauce, spicy spice. Smoky, bold, red chili sauce, spicy"
Rice Soya Dragon Very Spicy,Rice,Soya,Dragon,Very Spicy,14,Yes,Yes,"Rice with soya in Dragon sauce, very spicy spice. Smoky, bold, red chili sauce, spicy"
Rice Soya Manchurian Mid,Rice,Soya,Manchurian,Mid,14,Yes,Yes,"Rice with soya in Manchurian sauce, mid spice. Soy-ginger-garlic gravy, umami, Indo-Chinese"
Rice Soya Manchurian Spicy,Rice,Soya,Manchurian,Spicy,14,Yes,Yes,"Rice with soya in Manchurian sauce, spicy spice. Soy-ginger-garlic gravy, umami, Indo-Chinese"
Rice Soya Manchurian Very Spicy,Rice,Soya,Manchurian,Very Spicy,14,Yes,Yes,"Rice with soya in Manchurian sauce, very spicy spice. Soy-ginger-garlic gravy, umami, Indo-Chinese"
Rice Potato Chilli 65 Mid,Rice,Potato,Chilli 65,Mid,13,Yes,Yes,"Rice with potato in Chilli 65 sauce, mid spice. Classic South Indian fried, spicy yogurt sauce, curry leaves, red chili"
Rice Potato Chilli 65 Spicy,Rice,Potato,Chilli 65,Spicy,13,Yes,Yes,"Rice with potato in Chilli 65 sauce, spicy spice. Classic South Indian fried, spicy yogurt sauce, curry leaves, red chili"
Rice Potato Chilli 65 Very Spicy,Rice,Potato,Chilli 65,Very Spicy,13,Yes,Yes,"Rice with potato in Chilli 65 sauce, very spicy spice. Classic South Indian fried, spicy yogurt sauce, curry leaves, red chili"
Rice Potato Honey Chilli Mid,Rice,Potato,Honey Chilli,Mid,13,Yes,Yes,"Rice with potato in Honey Chilli sauce, mid spice. Sweet and spicy glaze, sesame"
Rice Potato Honey Chilli Spicy,Rice,Potato,Honey Chilli,Spicy,13,Yes,Yes,"Rice with potato in Honey Chilli sauce, spicy spice. Sweet and spicy glaze, sesame"
Rice Potato Honey Chilli Very Spicy,Rice,Potato,Honey Chilli,Very Spicy,13,Yes,Yes,"Rice with potato in Honey Chilli sauce, very spicy spice. Sweet and spicy glaze, sesame"
Rice Potato Burnt Garlic Mid,Rice,Potato,Burnt Garlic,Mid,13,Yes,Yes,"Rice with potato in Burnt Garlic sauce, mid spice. Smoky garlic and soy, earthy, umami, not spicy"
Rice Potato Burnt Garlic Spicy,Rice,Potato,Burnt Garlic,Spicy,13,Yes,Yes,"Rice with potato in Burnt Garlic sauce, spicy spice. Smoky garlic and soy, earthy, umami, not spicy"
Rice Potato Burnt Garlic Very Spicy,Rice,Potato,Burnt Garlic,Very Spicy,13,Yes,Yes,"Rice with potato in Burnt Garlic sauce, very spicy spice. Smoky garlic and soy, earthy, umami, not spicy"
Rice Potato Kung Pao Mid,Rice,Potato,Kung Pao,Mid,13,Yes,Yes,"Rice with potato in Kung Pao sauce, mid spice. Soy, garlic, chili, roasted peanuts, spicy"
Rice Potato Kung Pao Spicy,Rice,Potato,Kung Pao,Spicy,13,Yes,Yes,"Rice with potato in Kung Pao sauce, spicy spice. Soy, garlic, chili, roasted peanuts, spicy"
Rice Potato Kung Pao Very Spicy,Rice,Potato,Kung Pao,Very Spicy,13,Yes,Yes,"Rice with potato in Kung Pao sauce, very spicy spice. Soy, garlic, chili, roasted peanuts, spicy"
Rice Potato Dragon Mid,Rice,Potato,Dragon,Mid,13,Yes,Yes,"Rice with potato in Dragon sauce, mid spice. Smoky, bold, red chili sauce, spicy"
Rice Potato Dragon Spicy,Rice,Potato,Dragon,Spicy,13,Yes,Yes,"Rice with potato in Dragon sauce, spicy spice. Smoky, bold, red chili sauce, spicy"
Rice Potato Dragon Very Spicy,Rice,Potato,Dragon,Very Spicy,13,Yes,Yes,"Rice with potato in Dragon sauce, very spicy spice. Smoky, bold, red chili sauce, spicy"
Rice Potato Manchurian Mid,Rice,Potato,Manchurian,Mid,13,Yes,Yes,"Rice with potato in Manchurian sauce, mid spice. Soy-ginger-garlic gravy, umami, Indo-Chinese"
Rice Potato Manchurian Spicy,Rice,Potato,Manchurian,Spicy,13,Yes,Yes,"Rice with potato in Manchurian sauce, spicy spice. Soy-ginger-garlic gravy, umami, Indo-Chinese"
Rice Potato Manchurian Very Spicy,Rice,Potato,Manchurian,Very Spicy,13,Yes,Yes,"Rice with potato in Manchurian sauce, very spicy spice. Soy-ginger-garlic gravy, umami, Indo-Chinese"
Rice Egg Chilli 65 Mid,Rice,Egg,Chilli 65,Mid,12,No,Vegetarian,"Rice with egg in Chilli 65 sauce, mid spice. Classic South Indian fried, spicy yogurt sauce, curry leaves, red chili"
Rice Egg Chilli 65 Spicy,Rice,Egg,Chilli 65,Spicy,12,No,Vegetarian,"Rice with egg in Chilli 65 sauce, spicy spice. Classic South Indian fried, spicy yogurt sauce, curry leaves, red chili"
Rice Egg Chilli 65 Very Spicy,Rice,Egg,Chilli 65,Very Spicy,12,No,Vegetarian,"Rice with egg in Chilli 65 sauce, very spicy spice. Classic South Indian fried, spicy yogurt sauce, curry leaves, red chili"
Rice Egg Honey Chilli Mid,Rice,Egg,Honey Chilli,Mid,12,No,Vegetarian,"Rice with egg in Honey Chilli sauce, mid spice. Sweet and spicy glaze, sesame"
Rice Egg Honey Chilli Spicy,Rice,Egg,Honey Chilli,Spicy,12,No,Vegetarian,"Rice with egg in Honey Chilli sauce, spicy spice. Sweet and spicy glaze, sesame"
Rice Egg Honey Chilli Very Spicy,Rice,Egg,Honey Chilli,Very Spicy,12,No,Vegetarian,"Rice with egg in Honey Chilli sauce, very spicy spice. Sweet and spicy glaze, sesame"
Rice Egg Burnt Garlic Mid,Rice,Egg,Burnt Garlic,Mid,12,No,Vegetarian,"Rice with egg in Burnt Garlic sauce, mid spice. Smoky garlic and soy, earthy, umami, not spicy"
Rice Egg Burnt Garlic Spicy,Rice,Egg,Burnt Garlic,Spicy,12,No,Vegetarian,"Rice with egg in Burnt Garlic sauce, spicy spice. Smoky garlic and soy, earthy, umami, not spicy"
Rice Egg Burnt Garlic Very Spicy,Rice,Egg,Burnt Garlic,Very Spicy,12,No,Vegetarian,"Rice with egg in Burnt Garlic sauce, very spicy spice. Smoky garlic and soy, earthy, umami, not spicy"
Rice Egg Kung Pao Mid,Rice,Egg,Kung Pao,Mid,12,No,Vegetarian,"Rice with egg in Kung Pao sauce, mid spice. Soy, garlic, chili, roasted peanuts, spicy"
Rice Egg Kung Pao Spicy,Rice,Egg,Kung Pao,Spicy,12,No,Vegetarian,"Rice with egg in Kung Pao sauce, spicy spice. Soy, garlic, chili, roasted peanuts, spicy"
Rice Egg Kung Pao Very Spicy,Rice,Egg,Kung Pao,Very Spicy,12,No,Vegetarian,"Rice with egg in Kung Pao sauce, very spicy spice. Soy, garlic, chili, roasted peanuts, spicy"
Rice Egg Dragon Mid,Rice,Egg,Dragon,Mid,12,No,Vegetarian,"Rice with egg in Dragon sauce, mid spice. Smoky, bold, red chili sauce, spicy"
Rice Egg Dragon Spicy,Rice,Egg,Dragon,Spicy,12,No,Vegetarian,"Rice with egg in Dragon sauce, spicy spice. Smoky, bold, red chili sauce, spicy"
Rice Egg Dragon Very Spicy,Rice,Egg,Dragon,Very Spicy,12,No,Vegetarian,"Rice with egg in Dragon sauce, very spicy spice. Smoky, bold, red chili sauce, spicy"
Rice Egg Manchurian Mid,Rice,Egg,Manchurian,Mid,12,No,Vegetarian,"Rice with egg in Manchurian sauce, mid spice. Soy-ginger-garlic gravy, umami, Indo-Chinese"
Rice Egg Manchurian Spicy,Rice,Egg,Manchurian,Spicy,12,No,Vegetarian,"Rice with egg in Manchurian sauce, spicy spice. Soy-ginger-garlic gravy, umami, Indo-Chinese"
Rice Egg Manchurian Very Spicy,Rice,Egg,Manchurian,Very Spicy,12,No,Vegetarian,"Rice with egg in Manchurian sauce, very spicy spice. Soy-ginger-garlic gravy, umami, Indo-Chinese"
Noodle Veg Chilli 65 Mid,Noodle,Veg,Chilli 65,Mid,10,Yes,Yes,"Noodle with veg in Chilli 65 sauce, mid spice. Classic South Indian fried, spicy yogurt sauce, curry leaves, red chili"
Noodle Veg Chilli 65 Spicy,Noodle,Veg,Chilli 65,Spicy,10,Yes,Yes,"Noodle with veg in Chilli 65 sauce, spicy spice. Classic South Indian fried, spicy yogurt sauce, curry leaves, red chili"
Noodle Veg Chilli 65 Very Spicy,Noodle,Veg,Chilli 65,Very Spicy,10,Yes,Yes,"Noodle with veg in Chilli 65 sauce, very spicy spice. Classic South Indian fried, spicy yogurt sauce, curry leaves, red chili"
Noodle Veg Honey Chilli Mid,Noodle,Veg,Honey Chilli,Mid,10,Yes,Yes,"Noodle with veg in Honey Chilli sauce, mid spice. Sweet and spicy glaze, sesame"
Noodle Veg Honey Chilli Spicy,Noodle,Veg,Honey Chilli,Spicy,10,Yes,Yes,"Noodle with veg in Honey Chilli sauce, spicy spice. Sweet and spicy glaze, sesame"
Noodle Veg Honey Chilli Very Spicy,Noodle,Veg,Honey Chilli,Very Spicy,10,Yes,Yes,"Noodle with veg in Honey Chilli sauce, very spicy spice. Sweet and spicy glaze, sesame"
Noodle Veg Burnt Garlic Mid,Noodle,Veg,Burnt Garlic,Mid,10,Yes,Yes,"Noodle with veg in Burnt Garlic sauce, mid spice. Smoky garlic and soy, earthy, umami, not spicy"
Noodle Veg Burnt Garlic Spicy,Noodle,Veg,Burnt Garlic,Spicy,10,Yes,Yes,"Noodle with veg in Burnt Garlic sauce, spicy spice. Smoky garlic and soy, earthy, umami, not spicy"
Noodle Veg Burnt Garlic Very Spicy,Noodle,Veg,Burnt Garlic,Very Spicy,10,Yes,Yes,"Noodle with veg in Burnt Garlic sauce, very spicy spice. Smoky garlic and soy, earthy, umami, not spicy"
Noodle Veg Kung Pao Mid,Noodle,Veg,Kung Pao,Mid,10,Yes,Yes,"Noodle with veg in Kung Pao sauce, mid spice. Soy, garlic, chili, roasted peanuts, spicy"
Noodle Veg Kung Pao Spicy,Noodle,Veg,Kung Pao,Spicy,10,Yes,Yes,"Noodle with veg in Kung Pao sauce, spicy spice. Soy, garlic, chili, roasted peanuts, spicy"
Noodle Veg Kung Pao Very Spicy,Noodle,Veg,Kung Pao,Very Spicy,10,Yes,Yes,"Noodle with veg in Kung Pao sauce, very spicy spice. Soy, garlic, chili, roasted peanuts, spicy"
Noodle Veg Dragon Mid,Noodle,Veg,Dragon,Mid,10,Yes,Yes,"Noodle with veg in Dragon sauce, mid spice. Smoky, bold, red chili sauce, spicy"
Noodle Veg Dragon Spicy,Noodle,Veg,Dragon,Spicy,10,Yes,Yes,"Noodle with veg in Dragon sauce, spicy spice. Smoky, bold, red chili sauce, spicy"
Noodle Veg Dragon Very Spicy,Noodle,Veg,Dragon,Very Spicy,10,Yes,Yes,"Noodle with veg in Dragon sauce, very spicy spice. Smoky, bold, red chili sauce, spicy"
Noodle Veg Manchurian Mid,Noodle,Veg,Manchurian,Mid,10,Yes,Yes,"Noodle with veg in Manchurian sauce, mid spice. Soy-ginger-garlic gravy, umami, Indo-Chinese"
Noodle Veg Manchurian Spicy,Noodle,Veg,Manchurian,Spicy,10,Yes,Yes,"Noodle with veg in Manchurian sauce, spicy spice. Soy-ginger-garlic gravy, umami, Indo-Chinese"
Noodle Veg Manchurian Very Spicy,Noodle,Veg,Manchurian,Very Spicy,10,Yes,Yes,"Noodle with veg in Manchurian sauce, very spicy spice. Soy-ginger-garlic gravy, umami, Indo-Chinese"
Noodle Paneer Chilli 65 Mid,Noodle,Paneer,Chilli 65,Mid,14,No,Yes,"Noodle with paneer in Chilli 65 sauce, mid spice. Classic South Indian fried, spicy yogurt sauce, curry leaves, red chili"
Noodle Paneer Chilli 65 Spicy,Noodle,Paneer,Chilli 65,Spicy,14,No,Yes,"Noodle with paneer in Chilli 65 sauce, spicy spice. Classic South Indian fried, spicy yogurt sauce, curry leaves, red chili"
Noodle Paneer Chilli 65 Very Spicy,Noodle,Paneer,Chilli 65,Very Spicy,14,No,Yes,"Noodle with paneer in Chilli 65 sauce, very spicy spice. Classic South Indian fried, spicy yogurt sauce, curry leaves, red chili"
Noodle Paneer Honey Chilli Mid,Noodle,Paneer,Honey Chilli,Mid,14,No,Yes,"Noodle with paneer in Honey Chilli sauce, mid spice. Sweet and spicy glaze, sesame"
Noodle Paneer Honey Chilli Spicy,Noodle,Paneer,Honey Chilli,Spicy,14,No,Yes,"Noodle with paneer in Honey Chilli sauce, spicy spice. Sweet and spicy glaze, sesame"
Noodle Paneer Honey Chilli Very Spicy,Noodle,Paneer,Honey Chilli,Very Spicy,14,No,Yes,"Noodle with paneer in Honey Chilli sauce, very spicy spice. Sweet and spicy glaze, sesame"
Noodle Paneer Burnt Garlic Mid,Noodle,Paneer,Burnt Garlic,Mid,14,No,Yes,"Noodle with paneer in Burnt Garlic sauce, mid spice. Smoky garlic and soy, earthy, umami, not spicy"
Noodle Paneer Burnt Garlic Spicy,Noodle,Paneer,Burnt Garlic,Spicy,14,No,Yes,"Noodle with paneer in Burnt Garlic sauce, spicy spice. Smoky garlic and soy, earthy, umami, not spicy"
Noodle Paneer Burnt Garlic Very Spicy,Noodle,Paneer,Burnt Garlic,Very Spicy,14,No,Yes,"Noodle with paneer in Burnt Garlic sauce, very spicy spice. Smoky garlic and soy, earthy, umami, not spicy"
Noodle Paneer Kung Pao Mid,Noodle,Paneer,Kung Pao,Mid,14,No,Yes,"Noodle with paneer in Kung Pao sauce, mid spice. Soy, garlic, chili, roasted peanuts, spicy"
Noodle Paneer Kung Pao Spicy,Noodle,Paneer,Kung Pao,Spicy,14,No,Yes,"Noodle with paneer in Kung Pao sauce, spicy spice. Soy, garlic, chili, roasted peanuts, spicy"
Noodle Paneer Kung Pao Very Spicy,Noodle,Paneer,Kung Pao,Very Spicy,14,No,Yes,"Noodle with paneer in Kung Pao sauce, very spicy spice. Soy, garlic, chili, roasted peanuts, spicy"
Noodle Paneer Dragon Mid,Noodle,Paneer,Dragon,Mid,14,No,Yes,"Noodle with paneer in Dragon sauce, mid spice. Smoky, bold, red chili sauce, spicy"
Noodle Paneer Dragon Spicy,Noodle,Paneer,Dragon,Spicy,14,No,Yes,"Noodle with paneer in Dragon sauce, spicy spice. Smoky, bold, red chili sauce, spicy"
Noodle Paneer Dragon Very Spicy,Noodle,Paneer,Dragon,Very Spicy,14,No,Yes,"Noodle with paneer in Dragon sauce, very spicy spice. Smoky, bold, red chili sauce, spicy"
Noodle Paneer Manchurian Mid,Noodle,Paneer,Manchurian,Mid,14,No,Yes,"Noodle with paneer in Manchurian sauce, mid spice. Soy-ginger-garlic gravy, umami, Indo-Chinese"
Noodle Paneer Manchurian Spicy,Noodle,Paneer,Manchurian,Spicy,14,No,Yes,"Noodle with paneer in Manchurian sauce, spicy spice. Soy-ginger-garlic gravy, umami, Indo-Chinese"
Noodle Paneer Manchurian Very Spicy,Noodle,Paneer,Manchurian,Very Spicy,14,No,Yes,"Noodle with paneer in Manchurian sauce, very spicy spice. Soy-ginger-garlic gravy, umami, Indo-Chinese"
Noodle Chicken Chilli 65 Mid,Noodle,Chicken,Chilli 65,Mid,14,No,No,"Noodle with chicken in Chilli 65 sauce, mid spice. Classic South Indian fried, spicy yogurt sauce, curry leaves, red chili"
Noodle Chicken Chilli 65 Spicy,Noodle,Chicken,Chilli 65,Spicy,14,No,No,"Noodle with chicken in Chilli 65 sauce, spicy spice. Classic South Indian fried, spicy yogurt sauce, curry leaves, red chili"
Noodle Chicken Chilli 65 Very Spicy,Noodle,Chicken,Chilli 65,Very Spicy,14,No,No,"Noodle with chicken in Chilli 65 sauce, very spicy spice. Classic South Indian fried, spicy yogurt sauce, curry leaves, red chili"
Noodle Chicken Honey Chilli Mid,Noodle,Chicken,Honey Chilli,Mid,14,No,No,"Noodle with chicken in Honey Chilli sauce, mid spice. Sweet and spicy glaze, sesame"
Noodle Chicken Honey Chilli Spicy,Noodle,Chicken,Honey Chilli,Spicy,14,No,No,"Noodle with chicken in Honey Chilli sauce, spicy spice. Sweet and spicy glaze, sesame"
Noodle Chicken Honey Chilli Very Spicy,Noodle,Chicken,Honey Chilli,Very Spicy,14,No,No,"Noodle with chicken in Honey Chilli sauce, very spicy spice. Sweet and spicy glaze, sesame"
Noodle Chicken Burnt Garlic Mid,Noodle,Chicken,Burnt Garlic,Mid,14,No,No,"Noodle with chicken in Burnt Garlic sauce, mid spice. Smoky garlic and soy, earthy, umami, not spicy"
Noodle Chicken Burnt Garlic Spicy,Noodle,Chicken,Burnt Garlic,Spicy,14,No,No,"Noodle with chicken in Burnt Garlic sauce, spicy spice. Smoky garlic and soy, earthy, umami, not spicy"
Noodle Chicken Burnt Garlic Very Spicy,Noodle,Chicken,Burnt Garlic,Very Spicy,14,No,No,"Noodle with chicken in Burnt Garlic sauce, very spicy spice. Smoky garlic and soy, earthy, umami, not spicy"
Noodle Chicken Kung Pao Mid,Noodle,Chicken,Kung Pao,Mid,14,No,No,"Noodle with chicken in Kung Pao sauce, mid spice. Soy, garlic, chili, roasted peanuts, spicy"
Noodle Chicken Kung Pao Spicy,Noodle,Chicken,Kung Pao,Spicy,14,No,No,"Noodle with chicken in Kung Pao sauce, spicy spice. Soy, garlic, chili, roasted peanuts, spicy"
Noodle Chicken Kung Pao Very Spicy,Noodle,Chicken,Kung Pao,Very Spicy,14,No,No,"Noodle with chicken in Kung Pao sauce, very spicy spice. Soy, garlic, chili, roasted peanuts, spicy"
Noodle Chicken Dragon Mid,Noodle,Chicken,Dragon,Mid,14,No,No,"Noodle with chicken in Dragon sauce, mid spice. Smoky, bold, red chili sauce, spicy"
Noodle Chicken Dragon Spicy,Noodle,Chicken,Dragon,Spicy,14,No,No,"Noodle with chicken in Dragon sauce, spicy spice. Smoky, bold, red chili sauce, spicy"
Noodle Chicken Dragon Very Spicy,Noodle,Chicken,Dragon,Very Spicy,14,No,No,"Noodle with chicken in Dragon sauce, very spicy spice. Smoky, bold, red chili sauce, spicy"
Noodle Chicken Manchurian Mid,Noodle,Chicken,Manchurian,Mid,14,No,No,"Noodle with chicken in Manchurian sauce, mid spice. Soy-ginger-garlic gravy, umami, Indo-Chinese"
Noodle Chicken Manchurian Spicy,Noodle,Chicken,Manchurian,Spicy,14,No,No,"Noodle with chicken in Manchurian sauce, spicy spice. Soy-ginger-garlic gravy, umami, Indo-Chinese"
Noodle Chicken Manchurian Very Spicy,Noodle,Chicken,Manchurian,Very Spicy,14,No,No,"Noodle with chicken in Manchurian sauce, very spicy spice. Soy-ginger-garlic gravy, umami, Indo-Chinese"
Noodle Cauliflower Chilli 65 Mid,Noodle,Cauliflower,Chilli 65,Mid,13,Yes,Yes,"Noodle with cauliflower in Chilli 65 sauce, mid spice. Classic South Indian fried, spicy yogurt sauce, curry leaves, red chili"
Noodle Cauliflower Chilli 65 Spicy,Noodle,Cauliflower,Chilli 65,Spicy,13,Yes,Yes,"Noodle with cauliflower in Chilli 65 sauce, spicy spice. Classic South Indian fried, spicy yogurt sauce, curry leaves, red chili"
Noodle Cauliflower Chilli 65 Very Spicy,Noodle,Cauliflower,Chilli 65,Very Spicy,13,Yes,Yes,"Noodle with cauliflower in Chilli 65 sauce, very spicy spice. Classic South Indian fried, spicy yogurt sauce, curry leaves, red chili"
Noodle Cauliflower Honey Chilli Mid,Noodle,Cauliflower,Honey Chilli,Mid,13,Yes,Yes,"Noodle with cauliflower in Honey Chilli sauce, mid spice. Sweet and spicy glaze, sesame"
Noodle Cauliflower Honey Chilli Spicy,Noodle,Cauliflower,Honey Chilli,Spicy,13,Yes,Yes,"Noodle with cauliflower in Honey Chilli sauce, spicy spice. Sweet and spicy glaze, sesame"
Noodle Cauliflower Honey Chilli Very Spicy,Noodle,Cauliflower,Honey Chilli,Very Spicy,13,Yes,Yes,"Noodle with cauliflower in Honey Chilli sauce, very spicy spice. Sweet and spicy glaze, sesame"
Noodle Cauliflower Burnt Garlic Mid,Noodle,Cauliflower,Burnt Garlic,Mid,13,Yes,Yes,"Noodle with cauliflower in Burnt Garlic sauce, mid spice. Smoky garlic and soy, earthy, umami, not spicy"
Noodle Cauliflower Burnt Garlic Spicy,Noodle,Cauliflower,Burnt Garlic,Spicy,13,Yes,Yes,"Noodle with cauliflower in Burnt Garlic sauce, spicy spice. Smoky garlic and soy, earthy, umami, not spicy"
Noodle Cauliflower Burnt Garlic Very Spicy,Noodle,Cauliflower,Burnt Garlic,Very Spicy,13,Yes,Yes,"Noodle with cauliflower in Burnt Garlic sauce, very spicy spice. Smoky garlic and soy, earthy, umami, not spicy"
Noodle Cauliflower Kung Pao Mid,Noodle,Cauliflower,Kung Pao,Mid,13,Yes,Yes,"Noodle with cauliflower in Kung Pao sauce, mid spice. Soy, garlic, chili, roasted peanuts, spicy"
Noodle Cauliflower Kung Pao Spicy,Noodle,Cauliflower,Kung Pao,Spicy,13,Yes,Yes,"Noodle with cauliflower in Kung Pao sauce, spicy spice. Soy, garlic, chili, roasted peanuts, spicy"
Noodle Cauliflower Kung Pao Very Spicy,Noodle,Cauliflower,Kung Pao,Very Spicy,13,Yes,Yes,"Noodle with cauliflower in Kung Pao sauce, very spicy spice. Soy, garlic, chili, roasted peanuts, spicy"
Noodle Cauliflower Dragon Mid,Noodle,Cauliflower,Dragon,Mid,13,Yes,Yes,"Noodle with cauliflower in Dragon sauce, mid spice. Smoky, bold, red chili sauce, spicy"
Noodle Cauliflower Dragon Spicy,Noodle,Cauliflower,Dragon,Spicy,13,Yes,Yes,"Noodle with cauliflower in Dragon sauce, spicy spice. Smoky, bold, red chili sauce, spicy"
Noodle Cauliflower Dragon Very Spicy,Noodle,Cauliflower,Dragon,Very Spicy,13,Yes,Yes,"Noodle with cauliflower in Dragon sauce, very spicy spice. Smoky, bold, red chili sauce, spicy"
Noodle Cauliflower Manchurian Mid,Noodle,Cauliflower,Manchurian,Mid,13,Yes,Yes,"Noodle with cauliflower in Manchurian sauce, mid spice. Soy-ginger-garlic gravy, umami, Indo-Chinese"
Noodle Cauliflower Manchurian Spicy,Noodle,Cauliflower,Manchurian,Spicy,13,Yes,Yes,"Noodle with cauliflower in Manchurian sauce, spicy spice. Soy-ginger-garlic gravy, umami, Indo-Chinese"
Noodle Cauliflower Manchurian Very Spicy,Noodle,Cauliflower,Manchurian,Very Spicy,13,Yes,Yes,"Noodle with cauliflower in Manchurian sauce, very spicy spice. Soy-ginger-garlic gravy, umami, Indo-Chinese"
Noodle Soya Chilli 65 Mid,Noodle,Soya,Chilli 65,Mid,14,Yes,Yes,"Noodle with soya in Chilli 65 sauce, mid spice. Classic South Indian fried, spicy yogurt sauce, curry leaves, red chili"
Noodle Soya Chilli 65 Spicy,Noodle,Soya,Chilli 65,Spicy,14,Yes,Yes,"Noodle with soya in Chilli 65 sauce, spicy spice. Classic South Indian fried, spicy yogurt sauce, curry leaves, red chili"
Noodle Soya Chilli 65 Very Spicy,Noodle,Soya,Chilli 65,Very Spicy,14,Yes,Yes,"Noodle with soya in Chilli 65 sauce, very spicy spice. Classic South Indian fried, spicy yogurt sauce, curry leaves, red chili"
Noodle Soya Honey Chilli Mid,Noodle,Soya,Honey Chilli,Mid,14,Yes,Yes,"Noodle with soya in Honey Chilli sauce, mid spice. Sweet and spicy glaze, sesame"
Noodle Soya Honey Chilli Spicy,Noodle,Soya,Honey Chilli,Spicy,14,Yes,Yes,"Noodle with soya in Honey Chilli sauce, spicy spice. Sweet and spicy glaze, sesame"
Noodle Soya Honey Chilli Very Spicy,Noodle,Soya,Honey Chilli,Very Spicy,14,Yes,Yes,"Noodle with soya in Honey Chilli sauce, very spicy spice. Sweet and spicy glaze, sesame"
Noodle Soya Burnt Garlic Mid,Noodle,Soya,Burnt Garlic,Mid,14,Yes,Yes,"Noodle with soya in Burnt Garlic sauce, mid spice. Smoky garlic and soy, earthy, umami, not spicy"
Noodle Soya Burnt Garlic Spicy,Noodle,Soya,Burnt Garlic,Spicy,14,Yes,Yes,"Noodle with soya in Burnt Garlic sauce, spicy spice. Smoky garlic and soy, earthy, umami, not spicy"
Noodle Soya Burnt Garlic Very Spicy,Noodle,Soya,Burnt Garlic,Very Spicy,14,Yes,Yes,"Noodle with soya in Burnt Garlic sauce, very spicy spice. Smoky garlic and soy, earthy, umami, not spicy"
Noodle Soya Kung Pao Mid,Noodle,Soya,Kung Pao,Mid,14,Yes,Yes,"Noodle with soya in Kung Pao sauce, mid spice. Soy, garlic, chili, roasted peanuts, spicy"
Noodle Soya Kung Pao Spicy,Noodle,Soya,Kung Pao,Spicy,14,Yes,Yes,"Noodle with soya in Kung Pao sauce, spicy spice. Soy, garlic, chili, roasted peanuts, spicy"
Noodle Soya Kung Pao Very Spicy,Noodle,Soya,Kung Pao,Very Spicy,14,Yes,Yes,"Noodle with soya in Kung Pao sauce, very spicy spice. Soy, garlic, chili, roasted peanuts, spicy"
Noodle Soya Dragon Mid,Noodle,Soya,Dragon,Mid,14,Yes,Yes,"Noodle with soya in Dragon sauce, mid spice. Smoky, bold, red chili sauce, spicy"
Noodle Soya Dragon Spicy,Noodle,Soya,Dragon,Spicy,14,Yes,Yes,"Noodle with soya in Dragon sauce, spicy spice. Smoky, bold, red chili sauce, spicy"
Noodle Soya Dragon Very Spicy,Noodle,Soya,Dragon,Very Spicy,14,Yes,Yes,"Noodle with soya in Dragon sauce, very spicy spice. Smoky, bold, red chili sauce, spicy"
Noodle Soya Manchurian Mid,Noodle,Soya,Manchurian,Mid,14,Yes,Yes,"Noodle with soya in Manchurian sauce, mid spice. Soy-ginger-garlic gravy, umami, Indo-Chinese"
Noodle Soya Manchurian Spicy,Noodle,Soya,Manchurian,Spicy,14,Yes,Yes,"Noodle with soya in Manchurian sauce, spicy spice. Soy-ginger-garlic gravy, umami, Indo-Chinese"
Noodle Soya Manchurian Very Spicy,Noodle,Soya,Manchurian,Very Spicy,14,Yes,Yes,"Noodle with soya in Manchurian sauce, very spicy spice. Soy-ginger-garlic gravy, umami, Indo-Chinese"
Noodle Potato Chilli 65 Mid,Noodle,Potato,Chilli 65,Mid,13,Yes,Yes,"Noodle with potato in Chilli 65 sauce, mid spice. Classic South Indian fried, spicy yogurt sauce, curry leaves, red chili"
Noodle Potato Chilli 65 Spicy,Noodle,Potato,Chilli 65,Spicy,13,Yes,Yes,"Noodle with potato in Chilli 65 sauce, spicy spice. Classic South Indian fried, spicy yogurt sauce, curry leaves, red chili"
Noodle Potato Chilli 65 Very Spicy,Noodle,Potato,Chilli 65,Very Spicy,13,Yes,Yes,"Noodle with potato in Chilli 65 sauce, very spicy spice. Classic South Indian fried, spicy yogurt sauce, curry leaves, red chili"
Noodle Potato Honey Chilli Mid,Noodle,Potato,Honey Chilli,Mid,13,Yes,Yes,"Noodle with potato in Honey Chilli sauce, mid spice. Sweet and spicy glaze, sesame"
Noodle Potato Honey Chilli Spicy,Noodle,Potato,Honey Chilli,Spicy,13,Yes,Yes,"Noodle with potato in Honey Chilli sauce, spicy spice. Sweet and spicy glaze, sesame"
Noodle Potato Honey Chilli Very Spicy,Noodle,Potato,Honey Chilli,Very Spicy,13,Yes,Yes,"Noodle with potato in Honey Chilli sauce, very spicy spice. Sweet and spicy glaze, sesame"
Noodle Potato Burnt Garlic Mid,Noodle,Potato,Burnt Garlic,Mid,13,Yes,Yes,"Noodle with potato in Burnt Garlic sauce, mid spice. Smoky garlic and soy, earthy, umami, not spicy"
Noodle Potato Burnt Garlic Spicy,Noodle,Potato,Burnt Garlic,Spicy,13,Yes,Yes,"Noodle with potato in Burnt Garlic sauce, spicy spice. Smoky garlic and soy, earthy, umami, not spicy"
Noodle Potato Burnt Garlic Very Spicy,Noodle,Potato,Burnt Garlic,Very Spicy,13,Yes,Yes,"Noodle with potato in Burnt Garlic sauce, very spicy spice. Smoky garlic and soy, earthy, umami, not spicy"
Noodle Potato Kung Pao Mid,Noodle,Potato,Kung Pao,Mid,13,Yes,Yes,"Noodle with potato in Kung Pao sauce, mid spice. Soy, garlic, chili, roasted peanuts, spicy"
Noodle Potato Kung Pao Spicy,Noodle,Potato,Kung Pao,Spicy,13,Yes,Yes,"Noodle with potato in Kung Pao sauce, spicy spice. Soy, garlic, chili, roasted peanuts, spicy"
Noodle Potato Kung Pao Very Spicy,Noodle,Potato,Kung Pao,Very Spicy,13,Yes,Yes,"Noodle with potato in Kung Pao sauce, very spicy spice. Soy, garlic, chili, roasted peanuts, spicy"
Noodle Potato Dragon Mid,Noodle,Potato,Dragon,Mid,13,Yes,Yes,"Noodle with potato in Dragon sauce, mid spice. Smoky, bold, red chili sauce, spicy"
Noodle Potato Dragon Spicy,Noodle,Potato,Dragon,Spicy,13,Yes,Yes,"Noodle with potato in Dragon sauce, spicy spice. Smoky, bold, red chili sauce, spicy"
Noodle Potato Dragon Very Spicy,Noodle,Potato,Dragon,Very Spicy,13,Yes,Yes,"Noodle with potato in Dragon sauce, very spicy spice. Smoky, bold, red chili sauce, spicy"
Noodle Potato Manchurian Mid,Noodle,Potato,Manchurian,Mid,13,Yes,Yes,"Noodle with potato in Manchurian sauce, mid spice. Soy-ginger-garlic gravy, umami, Indo-Chinese"
Noodle Potato Manchurian Spicy,Noodle,Potato,Manchurian,Spicy,13,Yes,Yes,"Noodle with potato in Manchurian sauce, spicy spice. Soy-ginger-garlic gravy, umami, Indo-Chinese"
Noodle Potato Manchurian Very Spicy,Noodle,Potato,Manchurian,Very Spicy,13,Yes,Yes,"Noodle with potato in Manchurian sauce, very spicy spice. Soy-ginger-garlic gravy, umami, Indo-Chinese"
Noodle Egg Chilli 65 Mid,Noodle,Egg,Chilli 65,Mid,12,No,Vegetarian,"Noodle with egg in Chilli 65 sauce, mid spice. Classic South Indian fried, spicy yogurt sauce, curry leaves, red chili"
Noodle Egg Chilli 65 Spicy,Noodle,Egg,Chilli 65,Spicy,12,No,Vegetarian,"Noodle with egg in Chilli 65 sauce, spicy spice. Classic South Indian fried, spicy yogurt sauce, curry leaves, red chili"
Noodle Egg Chilli 65 Very Spicy,Noodle,Egg,Chilli 65,Very Spicy,12,No,Vegetarian,"Noodle with egg in Chilli 65 sauce, very spicy spice. Classic South Indian fried, spicy yogurt sauce, curry leaves, red chili"
Noodle Egg Honey Chilli Mid,Noodle,Egg,Honey Chilli,Mid,12,No,Vegetarian,"Noodle with egg in Honey Chilli sauce, mid spice. Sweet and spicy glaze, sesame"
Noodle Egg Honey Chilli Spicy,Noodle,Egg,Honey Chilli,Spicy,12,No,Vegetarian,"Noodle with egg in Honey Chilli sauce, spicy spice. Sweet and spicy glaze, sesame"
Noodle Egg Honey Chilli Very Spicy,Noodle,Egg,Honey Chilli,Very Spicy,12,No,Vegetarian,"Noodle with egg in Honey Chilli sauce, very spicy spice. Sweet and spicy glaze, sesame"
Noodle Egg Burnt Garlic Mid,Noodle,Egg,Burnt Garlic,Mid,12,No,Vegetarian,"Noodle with egg in Burnt Garlic sauce, mid spice. Smoky garlic and soy, earthy, umami, not spicy"
Noodle Egg Burnt Garlic Spicy,Noodle,Egg,Burnt Garlic,Spicy,12,No,Vegetarian,"Noodle with egg in Burnt Garlic sauce, spicy spice. Smoky garlic and soy, earthy, umami, not spicy"
Noodle Egg Burnt Garlic Very Spicy,Noodle,Egg,Burnt Garlic,Very Spicy,12,No,Vegetarian,"Noodle with egg in Burnt Garlic sauce, very spicy spice. Smoky garlic and soy, earthy, umami, not spicy"
Noodle Egg Kung Pao Mid,Noodle,Egg,Kung Pao,Mid,12,No,Vegetarian,"Noodle with egg in Kung Pao sauce, mid spice. Soy, garlic, chili, roasted peanuts, spicy"
Noodle Egg Kung Pao Spicy,Noodle,Egg,Kung Pao,Spicy,12,No,Vegetarian,"Noodle with egg in Kung Pao sauce, spicy spice. Soy, garlic, chili, roasted peanuts, spicy"
Noodle Egg Kung Pao Very Spicy,Noodle,Egg,Kung Pao,Very Spicy,12,No,Vegetarian,"Noodle with egg in Kung Pao sauce, very spicy spice. Soy, garlic, chili, roasted peanuts, spicy"
Noodle Egg Dragon Mid,Noodle,Egg,Dragon,Mid,12,No,Vegetarian,"Noodle with egg in Dragon sauce, mid spice. Smoky, bold, red chili sauce, spicy"
Noodle Egg Dragon Spicy,Noodle,Egg,Dragon,Spicy,12,No,Vegetarian,"Noodle with egg in Dragon sauce, spicy spice. Smoky, bold, red chili sauce, spicy"
Noodle Egg Dragon Very Spicy,Noodle,Egg,Dragon,Very Spicy,12,No,Vegetarian,"Noodle with egg in Dragon sauce, very spicy spice. Smoky, bold, red chili sauce, spicy"
Noodle Egg Manchurian Mid,Noodle,Egg,Manchurian,Mid,12,No,Vegetarian,"Noodle with egg in Manchurian sauce, mid spice. Soy-ginger-garlic gravy, umami, Indo-Chinese"
Noodle Egg Manchurian Spicy,Noodle,Egg,Manchurian,Spicy,12,No,Vegetarian,"Noodle with egg in Manchurian sauce, spicy spice. Soy-ginger-garlic gravy, umami, Indo-Chinese"
Noodle Egg Manchurian Very Spicy,Noodle,Egg,Manchurian,Very Spicy,12,No,Vegetarian,"Noodle with egg in Manchurian sauce, very spicy spice. Soy-ginger-garlic gravy, umami, Indo-Chinese"
Triple Veg Chilli 65 Mid,Triple,Veg,Chilli 65,Mid,12,Yes,Yes,"Triple with veg in Chilli 65 sauce, mid spice. Classic South Indian fried, spicy yogurt sauce, curry leaves, red chili"
Triple Veg Chilli 65 Spicy,Triple,Veg,Chilli 65,Spicy,12,Yes,Yes,"Triple with veg in Chilli 65 sauce, spicy spice. Classic South Indian fried, spicy yogurt sauce, curry leaves, red chili"
Triple Veg Chilli 65 Very Spicy,Triple,Veg,Chilli 65,Very Spicy,12,Yes,Yes,"Triple with veg in Chilli 65 sauce, very spicy spice. Classic South Indian fried, spicy yogurt sauce, curry leaves, red chili"
Triple Veg Honey Chilli Mid,Triple,Veg,Honey Chilli,Mid,12,Yes,Yes,"Triple with veg in Honey Chilli sauce, mid spice. Sweet and spicy glaze, sesame"
Triple Veg Honey Chilli Spicy,Triple,Veg,Honey Chilli,Spicy,12,Yes,Yes,"Triple with veg in Honey Chilli sauce, spicy spice. Sweet and spicy glaze, sesame"
Triple Veg Honey Chilli Very Spicy,Triple,Veg,Honey Chilli,Very Spicy,12,Yes,Yes,"Triple with veg in Honey Chilli sauce, very spicy spice. Sweet and spicy glaze, sesame"
Triple Veg Burnt Garlic Mid,Triple,Veg,Burnt Garlic,Mid,12,Yes,Yes,"Triple with veg in Burnt Garlic sauce, mid spice. Smoky garlic and soy, earthy, umami, not spicy"
Triple Veg Burnt Garlic Spicy,Triple,Veg,Burnt Garlic,Spicy,12,Yes,Yes,"Triple with veg in Burnt Garlic sauce, spicy spice. Smoky garlic and soy, earthy, umami, not spicy"
Triple Veg Burnt Garlic Very Spicy,Triple,Veg,Burnt Garlic,Very Spicy,12,Yes,Yes,"Triple with veg in Burnt Garlic sauce, very spicy spice. Smoky garlic and soy, earthy, umami, not spicy"
Triple Veg Kung Pao Mid,Triple,Veg,Kung Pao,Mid,12,Yes,Yes,"Triple with veg in Kung Pao sauce, mid spice. Soy, garlic, chili, roasted peanuts, spicy"
Triple Veg Kung Pao Spicy,Triple,Veg,Kung Pao,Spicy,12,Yes,Yes,"Triple with veg in Kung Pao sauce, spicy spice. Soy, garlic, chili, roasted peanuts, spicy"
Triple Veg Kung Pao Very Spicy,Triple,Veg,Kung Pao,Very Spicy,12,Yes,Yes,"Triple with veg in Kung Pao sauce, very spicy spice. Soy, garlic, chili, roasted peanuts, spicy"
Triple Veg Dragon Mid,Triple,Veg,Dragon,Mid,12,Yes,Yes,"Triple with veg in Dragon sauce, mid spice. Smoky, bold, red chili sauce, spicy"
Triple Veg Dragon Spicy,Triple,Veg,Dragon,Spicy,12,Yes,Yes,"Triple with veg in Dragon sauce, spicy spice. Smoky, bold, red chili sauce, spicy"
Triple Veg Dragon Very Spicy,Triple,Veg,Dragon,Very Spicy,12,Yes,Yes,"Triple with veg in Dragon sauce, very spicy spice. Smoky, bold, red chili sauce, spicy"
Triple Veg Manchurian Mid,Triple,Veg,Manchurian,Mid,12,Yes,Yes,"Triple with veg in Manchurian sauce, mid spice. Soy-ginger-garlic gravy, umami, Indo-Chinese"
Triple Veg Manchurian Spicy,Triple,Veg,Manchurian,Spicy,12,Yes,Yes,"Triple with veg in Manchurian sauce, spicy spice. Soy-ginger-garlic gravy, umami, Indo-Chinese"
Triple Veg Manchurian Very Spicy,Triple,Veg,Manchurian,Very Spicy,12,Yes,Yes,"Triple with veg in Manchurian sauce, very spicy spice. Soy-ginger-garlic gravy, umami, Indo-Chinese"
Triple Paneer Chilli 65 Mid,Triple,Paneer,Chilli 65,Mid,16,No,Yes,"Triple with paneer in Chilli 65 sauce, mid spice. Classic South Indian fried, spicy yogurt sauce, curry leaves, red chili"
Triple Paneer Chilli 65 Spicy,Triple,Paneer,Chilli 65,Spicy,16,No,Yes,"Triple with paneer in Chilli 65 sauce, spicy spice. Classic South Indian fried, spicy yogurt sauce, curry leaves, red chili"
Triple Paneer Chilli 65 Very Spicy,Triple,Paneer,Chilli 65,Very Spicy,16,No,Yes,"Triple with paneer in Chilli 65 sauce, very spicy spice. Classic South Indian fried, spicy yogurt sauce, curry leaves, red chili"
Triple Paneer Honey Chilli Mid,Triple,Paneer,Honey Chilli,Mid,16,No,Yes,"Triple with paneer in Honey Chilli sauce, mid spice. Sweet and spicy glaze, sesame"
Triple Paneer Honey Chilli Spicy,Triple,Paneer,Honey Chilli,Spicy,16,No,Yes,"Triple with paneer in Honey Chilli sauce, spicy spice. Sweet and spicy glaze, sesame"
Triple Paneer Honey Chilli Very Spicy,Triple,Paneer,Honey Chilli,Very Spicy,16,No,Yes,"Triple with paneer in Honey Chilli sauce, very spicy spice. Sweet and spicy glaze, sesame"
Triple Paneer Burnt Garlic Mid,Triple,Paneer,Burnt Garlic,Mid,16,No,Yes,"Triple with paneer in Burnt Garlic sauce, mid spice. Smoky garlic and soy, earthy, umami, not spicy"
Triple Paneer Burnt Garlic Spicy,Triple,Paneer,Burnt Garlic,Spicy,16,No,Yes,"Triple with paneer in Burnt Garlic sauce, spicy spice. Smoky garlic and soy, earthy, umami, not spicy"
Triple Paneer Burnt Garlic Very Spicy,Triple,Paneer,Burnt Garlic,Very Spicy,16,No,Yes,"Triple with paneer in Burnt Garlic sauce, very spicy spice. Smoky garlic and soy, earthy, umami, not spicy"
Triple Paneer Kung Pao Mid,Triple,Paneer,Kung Pao,Mid,16,No,Yes,"Triple with paneer in Kung Pao sauce, mid spice. Soy, garlic, chili, roasted peanuts, spicy"
Triple Paneer Kung Pao Spicy,Triple,Paneer,Kung Pao,Spicy,16,No,Yes,"Triple with paneer in Kung Pao sauce, spicy spice. Soy, garlic, chili, roasted peanuts, spicy"
Triple Paneer Kung Pao Very Spicy,Triple,Paneer,Kung Pao,Very Spicy,16,No,Yes,"Triple with paneer in Kung Pao sauce, very spicy spice. Soy, garlic, chili, roasted peanuts, spicy"
Triple Paneer Dragon Mid,Triple,Paneer,Dragon,Mid,16,No,Yes,"Triple with paneer in Dragon sauce, mid spice. Smoky, bold, red chili sauce, spicy"
Triple Paneer Dragon Spicy,Triple,Paneer,Dragon,Spicy,16,No,Yes,"Triple with paneer in Dragon sauce, spicy spice. Smoky, bold, red chili sauce, spicy"
Triple Paneer Dragon Very Spicy,Triple,Paneer,Dragon,Very Spicy,16,No,Yes,"Triple with paneer in Dragon sauce, very spicy spice. Smoky, bold, red chili sauce, spicy"
Triple Paneer Manchurian Mid,Triple,Paneer,Manchurian,Mid,16,No,Yes,"Triple with paneer in Manchurian sauce, mid spice. Soy-ginger-garlic gravy, umami, Indo-Chinese"
Triple Paneer Manchurian Spicy,Triple,Paneer,Manchurian,Spicy,16,No,Yes,"Triple with paneer in Manchurian sauce, spicy spice. Soy-ginger-garlic gravy, umami, Indo-Chinese"
Triple Paneer Manchurian Very Spicy,Triple,Paneer,Manchurian,Very Spicy,16,No,Yes,"Triple with paneer in Manchurian sauce, very spicy spice. Soy-ginger-garlic gravy, umami, Indo-Chinese"
Triple Chicken Chilli 65 Mid,Triple,Chicken,Chilli 65,Mid,16,No,No,"Triple with chicken in Chilli 65 sauce, mid spice. Classic South Indian fried, spicy yogurt sauce, curry leaves, red chili"
Triple Chicken Chilli 65 Spicy,Triple,Chicken,Chilli 65,Spicy,16,No,No,"Triple with chicken in Chilli 65 sauce, spicy spice. Classic South Indian fried, spicy yogurt sauce, curry leaves, red chili"
Triple Chicken Chilli 65 Very Spicy,Triple,Chicken,Chilli 65,Very Spicy,16,No,No,"Triple with chicken in Chilli 65 sauce, very spicy spice. Classic South Indian fried, spicy yogurt sauce, curry leaves, red chili"
Triple Chicken Honey Chilli Mid,Triple,Chicken,Honey Chilli,Mid,16,No,No,"Triple with chicken in Honey Chilli sauce, mid spice. Sweet and spicy glaze, sesame"
Triple Chicken Honey Chilli Spicy,Triple,Chicken,Honey Chilli,Spicy,16,No,No,"Triple with chicken in Honey Chilli sauce, spicy spice. Sweet and spicy glaze, sesame"
Triple Chicken Honey Chilli Very Spicy,Triple,Chicken,Honey Chilli,Very Spicy,16,No,No,"Triple with chicken in Honey Chilli sauce, very spicy spice. Sweet and spicy glaze, sesame"
Triple Chicken Burnt Garlic Mid,Triple,Chicken,Burnt Garlic,Mid,16,No,No,"Triple with chicken in Burnt Garlic sauce, mid spice. Smoky garlic and soy, earthy, umami, not spicy"
Triple Chicken Burnt Garlic Spicy,Triple,Chicken,Burnt Garlic,Spicy,16,No,No,"Triple with chicken in Burnt Garlic sauce, spicy spice. Smoky garlic and soy, earthy, umami, not spicy"
Triple Chicken Burnt Garlic Very Spicy,Triple,Chicken,Burnt Garlic,Very Spicy,16,No,No,"Triple with chicken in Burnt Garlic sauce, very spicy spice. Smoky garlic and soy, earthy, umami, not spicy"
Triple Chicken Kung Pao Mid,Triple,Chicken,Kung Pao,Mid,16,No,No,"Triple with chicken in Kung Pao sauce, mid spice. Soy, garlic, chili, roasted peanuts, spicy"
Triple Chicken Kung Pao Spicy,Triple,Chicken,Kung Pao,Spicy,16,No,No,"Triple with chicken in Kung Pao sauce, spicy spice. Soy, garlic, chili, roasted peanuts, spicy"
Triple Chicken Kung Pao Very Spicy,Triple,Chicken,Kung Pao,Very Spicy,16,No,No,"Triple with chicken in Kung Pao sauce, very spicy spice. Soy, garlic, chili, roasted peanuts, spicy"
Triple Chicken Dragon Mid,Triple,Chicken,Dragon,Mid,16,No,No,"Triple with chicken in Dragon sauce, mid spice. Smoky, bold, red chili sauce, spicy"
Triple Chicken Dragon Spicy,Triple,Chicken,Dragon,Spicy,16,No,No,"Triple with chicken in Dragon sauce, spicy spice. Smoky, bold, red chili sauce, spicy"
Triple Chicken Dragon Very Spicy,Triple,Chicken,Dragon,Very Spicy,16,No,No,"Triple with chicken in Dragon sauce, very spicy spice. Smoky, bold, red chili sauce, spicy"
Triple Chicken Manchurian Mid,Triple,Chicken,Manchurian,Mid,16,No,No,"Triple with chicken in Manchurian sauce, mid spice. Soy-ginger-garlic gravy, umami, Indo-Chinese"
Triple Chicken Manchurian Spicy,Triple,Chicken,Manchurian,Spicy,16,No,No,"Triple with chicken in Manchurian sauce, spicy spice. Soy-ginger-garlic gravy, umami, Indo-Chinese"
Triple Chicken Manchurian Very Spicy,Triple,Chicken,Manchurian,Very Spicy,16,No,No,"Triple with chicken in Manchurian sauce, very spicy spice. Soy-ginger-garlic gravy, umami, Indo-Chinese"
Triple Cauliflower Chilli 65 Mid,Triple,Cauliflower,Chilli 65,Mid,15,Yes,Yes,"Triple with cauliflower in Chilli 65 sauce, mid spice. Classic South Indian fried, spicy yogurt sauce, curry leaves, red chili"
Triple Cauliflower Chilli 65 Spicy,Triple,Cauliflower,Chilli 65,Spicy,15,Yes,Yes,"Triple with cauliflower in Chilli 65 sauce, spicy spice. Classic South Indian fried, spicy yogurt sauce, curry leaves, red chili"
Triple Cauliflower Chilli 65 Very Spicy,Triple,Cauliflower,Chilli 65,Very Spicy,15,Yes,Yes,"Triple with cauliflower in Chilli 65 sauce, very spicy spice. Classic South Indian fried, spicy yogurt sauce, curry leaves, red chili"
Triple Cauliflower Honey Chilli Mid,Triple,Cauliflower,Honey Chilli,Mid,15,Yes,Yes,"Triple with cauliflower in Honey Chilli sauce, mid spice. Sweet and spicy glaze, sesame"
Triple Cauliflower Honey Chilli Spicy,Triple,Cauliflower,Honey Chilli,Spicy,15,Yes,Yes,"Triple with cauliflower in Honey Chilli sauce, spicy spice. Sweet and spicy glaze, sesame"
Triple Cauliflower Honey Chilli Very Spicy,Triple,Cauliflower,Honey Chilli,Very Spicy,15,Yes,Yes,"Triple with cauliflower in Honey Chilli sauce, very spicy spice. Sweet and spicy glaze, sesame"
Triple Cauliflower Burnt Garlic Mid,Triple,Cauliflower,Burnt Garlic,Mid,15,Yes,Yes,"Triple with cauliflower in Burnt Garlic sauce, mid spice. Smoky garlic and soy, earthy, umami, not spicy"
Triple Cauliflower Burnt Garlic Spicy,Triple,Cauliflower,Burnt Garlic,Spicy,15,Yes,Yes,"Triple with cauliflower in Burnt Garlic sauce, spicy spice. Smoky garlic and soy, earthy, umami, not spicy"
Triple Cauliflower Burnt Garlic Very Spicy,Triple,Cauliflower,Burnt Garlic,Very Spicy,15,Yes,Yes,"Triple with cauliflower in Burnt Garlic sauce, very spicy spice. Smoky garlic and soy, earthy, umami, not spicy"
Triple Cauliflower Kung Pao Mid,Triple,Cauliflower,Kung Pao,Mid,15,Yes,Yes,"Triple with cauliflower in Kung Pao sauce, mid spice. Soy, garlic, chili, roasted peanuts, spicy"
Triple Cauliflower Kung Pao Spicy,Triple,Cauliflower,Kung Pao,Spicy,15,Yes,Yes,"Triple with cauliflower in Kung Pao sauce, spicy spice. Soy, garlic, chili, roasted peanuts, spicy"
Triple Cauliflower Kung Pao Very Spicy,Triple,Cauliflower,Kung Pao,Very Spicy,15,Yes,Yes,"Triple with cauliflower in Kung Pao sauce, very spicy spice. Soy, garlic, chili, roasted peanuts, spicy"
Triple Cauliflower Dragon Mid,Triple,Cauliflower,Dragon,Mid,15,Yes,Yes,"Triple with cauliflower in Dragon sauce, mid spice. Smoky, bold, red chili sauce, spicy"
Triple Cauliflower Dragon Spicy,Triple,Cauliflower,Dragon,Spicy,15,Yes,Yes,"Triple with cauliflower in Dragon sauce, spicy spice. Smoky, bold, red chili sauce, spicy"
Triple Cauliflower Dragon Very Spicy,Triple,Cauliflower,Dragon,Very Spicy,15,Yes,Yes,"Triple with cauliflower in Dragon sauce, very spicy spice. Smoky, bold, red chili sauce, spicy"
Triple Cauliflower Manchurian Mid,Triple,Cauliflower,Manchurian,Mid,15,Yes,Yes,"Triple with cauliflower in Manchurian sauce, mid spice. Soy-ginger-garlic gravy, umami, Indo-Chinese"
Triple Cauliflower Manchurian Spicy,Triple,Cauliflower,Manchurian,Spicy,15,Yes,Yes,"Triple with cauliflower in Manchurian sauce, spicy spice. Soy-ginger-garlic gravy, umami, Indo-Chinese"
Triple Cauliflower Manchurian Very Spicy,Triple,Cauliflower,Manchurian,Very Spicy,15,Yes,Yes,"Triple with cauliflower in Manchurian sauce, very spicy spice. Soy-ginger-garlic gravy, umami, Indo-Chinese"
Triple Soya Chilli 65 Mid,Triple,Soya,Chilli 65,Mid,16,Yes,Yes,"Triple with soya in Chilli 65 sauce, mid spice. Classic South Indian fried, spicy yogurt sauce, curry leaves, red chili"
Triple Soya Chilli 65 Spicy,Triple,Soya,Chilli 65,Spicy,16,Yes,Yes,"Triple with soya in Chilli 65 sauce, spicy spice. Classic South Indian fried, spicy yogurt sauce, curry leaves, red chili"
Triple Soya Chilli 65 Very Spicy,Triple,Soya,Chilli 65,Very Spicy,16,Yes,Yes,"Triple with soya in Chilli 65 sauce, very spicy spice. Classic South Indian fried, spicy yogurt sauce, curry leaves, red chili"
Triple Soya Honey Chilli Mid,Triple,Soya,Honey Chilli,Mid,16,Yes,Yes,"Triple with soya in Honey Chilli sauce, mid spice. Sweet and spicy glaze, sesame"
Triple Soya Honey Chilli Spicy,Triple,Soya,Honey Chilli,Spicy,16,Yes,Yes,"Triple with soya in Honey Chilli sauce, spicy spice. Sweet and spicy glaze, sesame"
Triple Soya Honey Chilli Very Spicy,Triple,Soya,Honey Chilli,Very Spicy,16,Yes,Yes,"Triple with soya in Honey Chilli sauce, very spicy spice. Sweet and spicy glaze, sesame"
Triple Soya Burnt Garlic Mid,Triple,Soya,Burnt Garlic,Mid,16,Yes,Yes,"Triple with soya in Burnt Garlic sauce, mid spice. Smoky garlic and soy, earthy, umami, not spicy"
Triple Soya Burnt Garlic Spicy,Triple,Soya,Burnt Garlic,Spicy,16,Yes,Yes,"Triple with soya in Burnt Garlic sauce, spicy spice. Smoky garlic and soy, earthy, umami, not spicy"
Triple Soya Burnt Garlic Very Spicy,Triple,Soya,Burnt Garlic,Very Spicy,16,Yes,Yes,"Triple with soya in Burnt Garlic sauce, very spicy spice. Smoky garlic and soy, earthy, umami, not spicy"
Triple Soya Kung Pao Mid,Triple,Soya,Kung Pao,Mid,16,Yes,Yes,"Triple with soya in Kung Pao sauce, mid spice. Soy, garlic, chili, roasted peanuts, spicy"
Triple Soya Kung Pao Spicy,Triple,Soya,Kung Pao,Spicy,16,Yes,Yes,"Triple with soya in Kung Pao sauce, spicy spice. Soy, garlic, chili, roasted peanuts, spicy"
Triple Soya Kung Pao Very Spicy,Triple,Soya,Kung Pao,Very Spicy,16,Yes,Yes,"Triple with soya in Kung Pao sauce, very spicy spice. Soy, garlic, chili, roasted peanuts, spicy"
Triple Soya Dragon Mid,Triple,Soya,Dragon,Mid,16,Yes,Yes,"Triple with soya in Dragon sauce, mid spice. Smoky, bold, red chili sauce, spicy"
Triple Soya Dragon Spicy,Triple,Soya,Dragon,Spicy,16,Yes,Yes,"Triple with soya in Dragon sauce, spicy spice. Smoky, bold, red chili sauce, spicy"
Triple Soya Dragon Very Spicy,Triple,Soya,Dragon,Very Spicy,16,Yes,Yes,"Triple with soya in Dragon sauce, very spicy spice. Smoky, bold, red chili sauce, spicy"
Triple Soya Manchurian Mid,Triple,Soya,Manchurian,Mid,16,Yes,Yes,"Triple with soya in Manchurian sauce, mid spice. Soy-ginger-garlic gravy, umami, Indo-Chinese"
Triple Soya Manchurian Spicy,Triple,Soya,Manchurian,Spicy,16,Yes,Yes,"Triple with soya in Manchurian sauce, spicy spice. Soy-ginger-garlic gravy, umami, Indo-Chinese"
Triple Soya Manchurian Very Spicy,Triple,Soya,Manchurian,Very Spicy,16,Yes,Yes,"Triple with soya in Manchurian sauce, very spicy spice. Soy-ginger-garlic gravy, umami, Indo-Chinese"
Triple Potato Chilli 65 Mid,Triple,Potato,Chilli 65,Mid,15,Yes,Yes,"Triple with potato in Chilli 65 sauce, mid spice. Classic South Indian fried, spicy yogurt sauce, curry leaves, red chili"
Triple Potato Chilli 65 Spicy,Triple,Potato,Chilli 65,Spicy,15,Yes,Yes,"Triple with potato in Chilli 65 sauce, spicy spice. Classic South Indian fried, spicy yogurt sauce, curry leaves, red chili"
Triple Potato Chilli 65 Very Spicy,Triple,Potato,Chilli 65,Very Spicy,15,Yes,Yes,"Triple with potato in Chilli 65 sauce, very spicy spice. Classic South Indian fried, spicy yogurt sauce, curry leaves, red chili"
Triple Potato Honey Chilli Mid,Triple,Potato,Honey Chilli,Mid,15,Yes,Yes,"Triple with potato in Honey Chilli sauce, mid spice. Sweet and spicy glaze, sesame"
Triple Potato Honey Chilli Spicy,Triple,Potato,Honey Chilli,Spicy,15,Yes,Yes,"Triple with potato in Honey Chilli sauce, spicy spice. Sweet and spicy glaze, sesame"
Triple Potato Honey Chilli Very Spicy,Triple,Potato,Honey Chilli,Very Spicy,15,Yes,Yes,"Triple with potato in Honey Chilli sauce, very spicy spice. Sweet and spicy glaze, sesame"
Triple Potato Burnt Garlic Mid,Triple,Potato,Burnt Garlic,Mid,15,Yes,Yes,"Triple with potato in Burnt Garlic sauce, mid spice. Smoky garlic and soy, earthy, umami, not spicy"
Triple Potato Burnt Garlic Spicy,Triple,Potato,Burnt Garlic,Spicy,15,Yes,Yes,"Triple with potato in Burnt Garlic sauce, spicy spice. Smoky garlic and soy, earthy, umami, not spicy"
Triple Potato Burnt Garlic Very Spicy,Triple,Potato,Burnt Garlic,Very Spicy,15,Yes,Yes,"Triple with potato in Burnt Garlic sauce, very spicy spice. Smoky garlic and soy, earthy, umami, not spicy"
Triple Potato Kung Pao Mid,Triple,Potato,Kung Pao,Mid,15,Yes,Yes,"Triple with potato in Kung Pao sauce, mid spice. Soy, garlic, chili, roasted peanuts, spicy"
Triple Potato Kung Pao Spicy,Triple,Potato,Kung Pao,Spicy,15,Yes,Yes,"Triple with potato in Kung Pao sauce, spicy spice. Soy, garlic, chili, roasted peanuts, spicy"
Triple Potato Kung Pao Very Spicy,Triple,Potato,Kung Pao,Very Spicy,15,Yes,Yes,"Triple with potato in Kung Pao sauce, very spicy spice. Soy, garlic, chili, roasted peanuts, spicy"
Triple Potato Dragon Mid,Triple,Potato,Dragon,Mid,15,Yes,Yes,"Triple with potato in Dragon sauce, mid spice. Smoky, bold, red chili sauce, spicy"
Triple Potato Dragon Spicy,Triple,Potato,Dragon,Spicy,15,Yes,Yes,"Triple with potato in Dragon sauce, spicy spice. Smoky, bold, red chili sauce, spicy"
Triple Potato Dragon Very Spicy,Triple,Potato,Dragon,Very Spicy,15,Yes,Yes,"Triple with potato in Dragon sauce, very spicy spice. Smoky, bold, red chili sauce, spicy"
Triple Potato Manchurian Mid,Triple,Potato,Manchurian,Mid,15,Yes,Yes,"Triple with potato in Manchurian sauce, mid spice. Soy-ginger-garlic gravy, umami, Indo-Chinese"
Triple Potato Manchurian Spicy,Triple,Potato,Manchurian,Spicy,15,Yes,Yes,"Triple with potato in Manchurian sauce, spicy spice. Soy-ginger-garlic gravy, umami, Indo-Chinese"
Triple Potato Manchurian Very Spicy,Triple,Potato,Manchurian,Very Spicy,15,Yes,Yes,"Triple with potato in Manchurian sauce, very spicy spice. Soy-ginger-garlic gravy, umami, Indo-Chinese"
Triple Egg Chilli 65 Mid,Triple,Egg,Chilli 65,Mid,14,No,Vegetarian,"Triple with egg in Chilli 65 sauce, mid spice. Classic South Indian fried, spicy yogurt sauce, curry leaves, red chili"
Triple Egg Chilli 65 Spicy,Triple,Egg,Chilli 65,Spicy,14,No,Vegetarian,"Triple with egg in Chilli 65 sauce, spicy spice. Classic South Indian fried, spicy yogurt sauce, curry leaves, red chili"
Triple Egg Chilli 65 Very Spicy,Triple,Egg,Chilli 65,Very Spicy,14,No,Vegetarian,"Triple with egg in Chilli 65 sauce, very spicy spice. Classic South Indian fried, spicy yogurt sauce, curry leaves, red chili"
Triple Egg Honey Chilli Mid,Triple,Egg,Honey Chilli,Mid,14,No,Vegetarian,"Triple with egg in Honey Chilli sauce, mid spice. Sweet and spicy glaze, sesame"
Triple Egg Honey Chilli Spicy,Triple,Egg,Honey Chilli,Spicy,14,No,Vegetarian,"Triple with egg in Honey Chilli sauce, spicy spice. Sweet and spicy glaze, sesame"
Triple Egg Honey Chilli Very Spicy,Triple,Egg,Honey Chilli,Very Spicy,14,No,Vegetarian,"Triple with egg in Honey Chilli sauce, very spicy spice. Sweet and spicy glaze, sesame"
Triple Egg Burnt Garlic Mid,Triple,Egg,Burnt Garlic,Mid,14,No,Vegetarian,"Triple with egg in Burnt Garlic sauce, mid spice. Smoky garlic and soy, earthy, umami, not spicy"
Triple Egg Burnt Garlic Spicy,Triple,Egg,Burnt Garlic,Spicy,14,No,Vegetarian,"Triple with egg in Burnt Garlic sauce, spicy spice. Smoky garlic and soy, earthy, umami, not spicy"
Triple Egg Burnt Garlic Very Spicy,Triple,Egg,Burnt Garlic,Very Spicy,14,No,Vegetarian,"Triple with egg in Burnt Garlic sauce, very spicy spice. Smoky garlic and soy, earthy, umami, not spicy"
Triple Egg Kung Pao Mid,Triple,Egg,Kung Pao,Mid,14,No,Vegetarian,"Triple with egg in Kung Pao sauce, mid spice. Soy, garlic, chili, roasted peanuts, spicy"
Triple Egg Kung Pao Spicy,Triple,Egg,Kung Pao,Spicy,14,No,Vegetarian,"Triple with egg in Kung Pao sauce, spicy spice. Soy, garlic, chili, roasted peanuts, spicy"
Triple Egg Kung Pao Very Spicy,Triple,Egg,Kung Pao,Very Spicy,14,No,Vegetarian,"Triple with egg in Kung Pao sauce, very spicy spice. Soy, garlic, chili, roasted peanuts, spicy"
Triple Egg Dragon Mid,Triple,Egg,Dragon,Mid,14,No,Vegetarian,"Triple with egg in Dragon sauce, mid spice. Smoky, bold, red chili sauce, spicy"
Triple Egg Dragon Spicy,Triple,Egg,Dragon,Spicy,14,No,Vegetarian,"Triple with egg in Dragon sauce, spicy spice. Smoky, bold, red chili sauce, spicy"
Triple Egg Dragon Very Spicy,Triple,Egg,Dragon,Very Spicy,14,No,Vegetarian,"Triple with egg in Dragon sauce, very spicy spice. Smoky, bold, red chili sauce, spicy"
Triple Egg Manchurian Mid,Triple,Egg,Manchurian,Mid,14,No,Vegetarian,"Triple with egg in Manchurian sauce, mid spice. Soy-ginger-garlic gravy, umami, Indo-Chinese"
Triple Egg Manchurian Spicy,Triple,Egg,Manchurian,Spicy,14,No,Vegetarian,"Triple with egg in Manchurian sauce, spicy spice. Soy-ginger-garlic gravy, umami, Indo-Chinese"
Triple Egg Manchurian Very Spicy,Triple,Egg,Manchurian,Very Spicy,14,No,Vegetarian,"Triple with egg in Manchurian sauce, very spicy spice. Soy-ginger-garlic gravy, umami, Indo-Chinese"
Wok Fry Veg Chilli 65 Mid,Wok Fry,Veg,Chilli 65,Mid,12,Yes,Yes,"Wok Fry with veg in Chilli 65 sauce, mid spice. Classic South Indian fried, spicy yogurt sauce, curry leaves, red chili"
Wok Fry Veg Chilli 65 Spicy,Wok Fry,Veg,Chilli 65,Spicy,12,Yes,Yes,"Wok Fry with veg in Chilli 65 sauce, spicy spice. Classic South Indian fried, spicy yogurt sauce, curry leaves, red chili"
Wok Fry Veg Chilli 65 Very Spicy,Wok Fry,Veg,Chilli 65,Very Spicy,12,Yes,Yes,"Wok Fry with veg in Chilli 65 sauce, very spicy spice. Classic South Indian fried, spicy yogurt sauce, curry leaves, red chili"
Wok Fry Veg Honey Chilli Mid,Wok Fry,Veg,Honey Chilli,Mid,12,Yes,Yes,"Wok Fry with veg in Honey Chilli sauce, mid spice. Sweet and spicy glaze, sesame"
Wok Fry Veg Honey Chilli Spicy,Wok Fry,Veg,Honey Chilli,Spicy,12,Yes,Yes,"Wok Fry with veg in Honey Chilli sauce, spicy spice. Sweet and spicy glaze, sesame"
Wok Fry Veg Honey Chilli Very Spicy,Wok Fry,Veg,Honey Chilli,Very Spicy,12,Yes,Yes,"Wok Fry with veg in Honey Chilli sauce, very spicy spice. Sweet and spicy glaze, sesame"
Wok Fry Veg Burnt Garlic Mid,Wok Fry,Veg,Burnt Garlic,Mid,12,Yes,Yes,"Wok Fry with veg in Burnt Garlic sauce, mid spice. Smoky garlic and soy, earthy, umami, not spicy"
Wok Fry Veg Burnt Garlic Spicy,Wok Fry,Veg,Burnt Garlic,Spicy,12,Yes,Yes,"Wok Fry with veg in Burnt Garlic sauce, spicy spice. Smoky garlic and soy, earthy, umami, not spicy"
Wok Fry Veg Burnt Garlic Very Spicy,Wok Fry,Veg,Burnt Garlic,Very Spicy,12,Yes,Yes,"Wok Fry with veg in Burnt Garlic sauce, very spicy spice. Smoky garlic and soy, earthy, umami, not spicy"
Wok Fry Veg Kung Pao Mid,Wok Fry,Veg,Kung Pao,Mid,12,Yes,Yes,"Wok Fry with veg in Kung Pao sauce, mid spice. Soy, garlic, chili, roasted peanuts, spicy"
Wok Fry Veg Kung Pao Spicy,Wok Fry,Veg,Kung Pao,Spicy,12,Yes,Yes,"Wok Fry with veg in Kung Pao sauce, spicy spice. Soy, garlic, chili, roasted peanuts, spicy"
Wok Fry Veg Kung Pao Very Spicy,Wok Fry,Veg,Kung Pao,Very Spicy,12,Yes,Yes,"Wok Fry with veg in Kung Pao sauce, very spicy spice. Soy, garlic, chili, roasted peanuts, spicy"
Wok Fry Veg Dragon Mid,Wok Fry,Veg,Dragon,Mid,12,Yes,Yes,"Wok Fry with veg in Dragon sauce, mid spice. Smoky, bold, red chili sauce, spicy"
Wok Fry Veg Dragon Spicy,Wok Fry,Veg,Dragon,Spicy,12,Yes,Yes,"Wok Fry with veg in Dragon sauce, spicy spice. Smoky, bold, red chili sauce, spicy"
Wok Fry Veg Dragon Very Spicy,Wok Fry,Veg,Dragon,Very Spicy,12,Yes,Yes,"Wok Fry with veg in Dragon sauce, very spicy spice. Smoky, bold, red chili sauce, spicy"
Wok Fry Veg Manchurian Mid,Wok Fry,Veg,Manchurian,Mid,12,Yes,Yes,"Wok Fry with veg in Manchurian sauce, mid spice. Soy-ginger-garlic gravy, umami, Indo-Chinese"
Wok Fry Veg Manchurian Spicy,Wok Fry,Veg,Manchurian,Spicy,12,Yes,Yes,"Wok Fry with veg in Manchurian sauce, spicy spice. Soy-ginger-garlic gravy, umami, Indo-Chinese"
Wok Fry Veg Manchurian Very Spicy,Wok Fry,Veg,Manchurian,Very Spicy,12,Yes,Yes,"Wok Fry with veg in Manchurian sauce, very spicy spice. Soy-ginger-garlic gravy, umami, Indo-Chinese"
Wok Fry Paneer Chilli 65 Mid,Wok Fry,Paneer,Chilli 65,Mid,16,No,Yes,"Wok Fry with paneer in Chilli 65 sauce, mid spice. Classic South Indian fried, spicy yogurt sauce, curry leaves, red chili"
Wok Fry Paneer Chilli 65 Spicy,Wok Fry,Paneer,Chilli 65,Spicy,16,No,Yes,"Wok Fry with paneer in Chilli 65 sauce, spicy spice. Classic South Indian fried, spicy yogurt sauce, curry leaves, red chili"
Wok Fry Paneer Chilli 65 Very Spicy,Wok Fry,Paneer,Chilli 65,Very Spicy,16,No,Yes,"Wok Fry with paneer in Chilli 65 sauce, very spicy spice. Classic South Indian fried, spicy yogurt sauce, curry leaves, red chili"
Wok Fry Paneer Honey Chilli Mid,Wok Fry,Paneer,Honey Chilli,Mid,16,No,Yes,"Wok Fry with paneer in Honey Chilli sauce, mid spice. Sweet and spicy glaze, sesame"
Wok Fry Paneer Honey Chilli Spicy,Wok Fry,Paneer,Honey Chilli,Spicy,16,No,Yes,"Wok Fry with paneer in Honey Chilli sauce, spicy spice. Sweet and spicy glaze, sesame"
Wok Fry Paneer Honey Chilli Very Spicy,Wok Fry,Paneer,Honey Chilli,Very Spicy,16,No,Yes,"Wok Fry with paneer in Honey Chilli sauce, very spicy spice. Sweet and spicy glaze, sesame"
Wok Fry Paneer Burnt Garlic Mid,Wok Fry,Paneer,Burnt Garlic,Mid,16,No,Yes,"Wok Fry with paneer in Burnt Garlic sauce, mid spice. Smoky garlic and soy, earthy, umami, not spicy"
Wok Fry Paneer Burnt Garlic Spicy,Wok Fry,Paneer,Burnt Garlic,Spicy,16,No,Yes,"Wok Fry with paneer in Burnt Garlic sauce, spicy spice. Smoky garlic and soy, earthy, umami, not spicy"
Wok Fry Paneer Burnt Garlic Very Spicy,Wok Fry,Paneer,Burnt Garlic,Very Spicy,16,No,Yes,"Wok Fry with paneer in Burnt Garlic sauce, very spicy spice. Smoky garlic and soy, earthy, umami, not spicy"
Wok Fry Paneer Kung Pao Mid,Wok Fry,Paneer,Kung Pao,Mid,16,No,Yes,"Wok Fry with paneer in Kung Pao sauce, mid spice. Soy, garlic, chili, roasted peanuts, spicy"
Wok Fry Paneer Kung Pao Spicy,Wok Fry,Paneer,Kung Pao,Spicy,16,No,Yes,"Wok Fry with paneer in Kung Pao sauce, spicy spice. Soy, garlic, chili, roasted peanuts, spicy"
Wok Fry Paneer Kung Pao Very Spicy,Wok Fry,Paneer,Kung Pao,Very Spicy,16,No,Yes,"Wok Fry with paneer in Kung Pao sauce, very spicy spice. Soy, garlic, chili, roasted peanuts, spicy"
Wok Fry Paneer Dragon Mid,Wok Fry,Paneer,Dragon,Mid,16,No,Yes,"Wok Fry with paneer in Dragon sauce, mid spice. Smoky, bold, red chili sauce, spicy"
Wok Fry Paneer Dragon Spicy,Wok Fry,Paneer,Dragon,Spicy,16,No,Yes,"Wok Fry with paneer in Dragon sauce, spicy spice. Smoky, bold, red chili sauce, spicy"
Wok Fry Paneer Dragon Very Spicy,Wok Fry,Paneer,Dragon,Very Spicy,16,No,Yes,"Wok Fry with paneer in Dragon sauce, very spicy spice. Smoky, bold, red chili sauce, spicy"
Wok Fry Paneer Manchurian Mid,Wok Fry,Paneer,Manchurian,Mid,16,No,Yes,"Wok Fry with paneer in Manchurian sauce, mid spice. Soy-ginger-garlic gravy, umami, Indo-Chinese"
Wok Fry Paneer Manchurian Spicy,Wok Fry,Paneer,Manchurian,Spicy,16,No,Yes,"Wok Fry with paneer in Manchurian sauce, spicy spice. Soy-ginger-garlic gravy, umami, Indo-Chinese"
Wok Fry Paneer Manchurian Very Spicy,Wok Fry,Paneer,Manchurian,Very Spicy,16,No,Yes,"Wok Fry with paneer in Manchurian sauce, very spicy spice. Soy-ginger-garlic gravy, umami, Indo-Chinese"
Wok Fry Chicken Chilli 65 Mid,Wok Fry,Chicken,Chilli 65,Mid,16,No,No,"Wok Fry with chicken in Chilli 65 sauce, mid spice. Classic South Indian fried, spicy yogurt sauce, curry leaves, red chili"
Wok Fry Chicken Chilli 65 Spicy,Wok Fry,Chicken,Chilli 65,Spicy,16,No,No,"Wok Fry with chicken in Chilli 65 sauce, spicy spice. Classic South Indian fried, spicy yogurt sauce, curry leaves, red chili"
Wok Fry Chicken Chilli 65 Very Spicy,Wok Fry,Chicken,Chilli 65,Very Spicy,16,No,No,"Wok Fry with chicken in Chilli 65 sauce, very spicy spice. Classic South Indian fried, spicy yogurt sauce, curry leaves, red chili"
Wok Fry Chicken Honey Chilli Mid,Wok Fry,Chicken,Honey Chilli,Mid,16,No,No,"Wok Fry with chicken in Honey Chilli sauce, mid spice. Sweet and spicy glaze, sesame"
Wok Fry Chicken Honey Chilli Spicy,Wok Fry,Chicken,Honey Chilli,Spicy,16,No,No,"Wok Fry with chicken in Honey Chilli sauce, spicy spice. Sweet and spicy glaze, sesame"
Wok Fry Chicken Honey Chilli Very Spicy,Wok Fry,Chicken,Honey Chilli,Very Spicy,16,No,No,"Wok Fry with chicken in Honey Chilli sauce, very spicy spice. Sweet and spicy glaze, sesame"
Wok Fry Chicken Burnt Garlic Mid,Wok Fry,Chicken,Burnt Garlic,Mid,16,No,No,"Wok Fry with chicken in Burnt Garlic sauce, mid spice. Smoky garlic and soy, earthy, umami, not spicy"
Wok Fry Chicken Burnt Garlic Spicy,Wok Fry,Chicken,Burnt Garlic,Spicy,16,No,No,"Wok Fry with chicken in Burnt Garlic sauce, spicy spice. Smoky garlic and soy, earthy, umami, not spicy"
Wok Fry Chicken Burnt Garlic Very Spicy,Wok Fry,Chicken,Burnt Garlic,Very Spicy,16,No,No,"Wok Fry with chicken in Burnt Garlic sauce, very spicy spice. Smoky garlic and soy, earthy, umami, not spicy"
Wok Fry Chicken Kung Pao Mid,Wok Fry,Chicken,Kung Pao,Mid,16,No,No,"Wok Fry with chicken in Kung Pao sauce, mid spice. Soy, garlic, chili, roasted peanuts, spicy"
Wok Fry Chicken Kung Pao Spicy,Wok Fry,Chicken,Kung Pao,Spicy,16,No,No,"Wok Fry with chicken in Kung Pao sauce, spicy spice. Soy, garlic, chili, roasted peanuts, spicy"
Wok Fry Chicken Kung Pao Very Spicy,Wok Fry,Chicken,Kung Pao,Very Spicy,16,No,No,"Wok Fry with chicken in Kung Pao sauce, very spicy spice. Soy, garlic, chili, roasted peanuts, spicy"
Wok Fry Chicken Dragon Mid,Wok Fry,Chicken,Dragon,Mid,16,No,No,"Wok Fry with chicken in Dragon sauce, mid spice. Smoky, bold, red chili sauce, spicy"
Wok Fry Chicken Dragon Spicy,Wok Fry,Chicken,Dragon,Spicy,16,No,No,"Wok Fry with chicken in Dragon sauce, spicy spice. Smoky, bold, red chili sauce, spicy"
Wok Fry Chicken Dragon Very Spicy,Wok Fry,Chicken,Dragon,Very Spicy,16,No,No,"Wok Fry with chicken in Dragon sauce, very spicy spice. Smoky, bold, red chili sauce, spicy"
Wok Fry Chicken Manchurian Mid,Wok Fry,Chicken,Manchurian,Mid,16,No,No,"Wok Fry with chicken in Manchurian sauce, mid spice. Soy-ginger-garlic gravy, umami, Indo-Chinese"
Wok Fry Chicken Manchurian Spicy,Wok Fry,Chicken,Manchurian,Spicy,16,No,No,"Wok Fry with chicken in Manchurian sauce, spicy spice. Soy-ginger-garlic gravy, umami, Indo-Chinese"
Wok Fry Chicken Manchurian Very Spicy,Wok Fry,Chicken,Manchurian,Very Spicy,16,No,No,"Wok Fry with chicken in Manchurian sauce, very spicy spice. Soy-ginger-garlic gravy, umami, Indo-Chinese"
Wok Fry Cauliflower Chilli 65 Mid,Wok Fry,Cauliflower,Chilli 65,Mid,15,Yes,Yes,"Wok Fry with cauliflower in Chilli 65 sauce, mid spice. Classic South Indian fried, spicy yogurt sauce, curry leaves, red chili"
Wok Fry Cauliflower Chilli 65 Spicy,Wok Fry,Cauliflower,Chilli 65,Spicy,15,Yes,Yes,"Wok Fry with cauliflower in Chilli 65 sauce, spicy spice. Classic South Indian fried, spicy yogurt sauce, curry leaves, red chili"
Wok Fry Cauliflower Chilli 65 Very Spicy,Wok Fry,Cauliflower,Chilli 65,Very Spicy,15,Yes,Yes,"Wok Fry with cauliflower in Chilli 65 sauce, very spicy spice. Classic South Indian fried, spicy yogurt sauce, curry leaves, red chili"
Wok Fry Cauliflower Honey Chilli Mid,Wok Fry,Cauliflower,Honey Chilli,Mid,15,Yes,Yes,"Wok Fry with cauliflower in Honey Chilli sauce, mid spice. Sweet and spicy glaze, sesame"
Wok Fry Cauliflower Honey Chilli Spicy,Wok Fry,Cauliflower,Honey Chilli,Spicy,15,Yes,Yes,"Wok Fry with cauliflower in Honey Chilli sauce, spicy spice. Sweet and spicy glaze, sesame"
Wok Fry Cauliflower Honey Chilli Very Spicy,Wok Fry,Cauliflower,Honey Chilli,Very Spicy,15,Yes,Yes,"Wok Fry with cauliflower in Honey Chilli sauce, very spicy spice. Sweet and spicy glaze, sesame"
Wok Fry Cauliflower Burnt Garlic Mid,Wok Fry,Cauliflower,Burnt Garlic,Mid,15,Yes,Yes,"Wok Fry with cauliflower in Burnt Garlic sauce, mid spice. Smoky garlic and soy, earthy, umami, not spicy"
Wok Fry Cauliflower Burnt Garlic Spicy,Wok Fry,Cauliflower,Burnt Garlic,Spicy,15,Yes,Yes,"Wok Fry with cauliflower in Burnt Garlic sauce, spicy spice. Smoky garlic and soy, earthy, umami, not spicy"
Wok Fry Cauliflower Burnt Garlic Very Spicy,Wok Fry,Cauliflower,Burnt Garlic,Very Spicy,15,Yes,Yes,"Wok Fry with cauliflower in Burnt Garlic sauce, very spicy spice. Smoky garlic and soy, earthy, umami, not spicy"
Wok Fry Cauliflower Kung Pao Mid,Wok Fry,Cauliflower,Kung Pao,Mid,15,Yes,Yes,"Wok Fry with cauliflower in Kung Pao sauce, mid spice. Soy, garlic, chili, roasted peanuts, spicy"
Wok Fry Cauliflower Kung Pao Spicy,Wok Fry,Cauliflower,Kung Pao,Spicy,15,Yes,Yes,"Wok Fry with cauliflower in Kung Pao sauce, spicy spice. Soy, garlic, chili, roasted peanuts, spicy"
Wok Fry Cauliflower Kung Pao Very Spicy,Wok Fry,Cauliflower,Kung Pao,Very Spicy,15,Yes,Yes,"Wok Fry with cauliflower in Kung Pao sauce, very spicy spice. Soy, garlic, chili, roasted peanuts, spicy"
Wok Fry Cauliflower Dragon Mid,Wok Fry,Cauliflower,Dragon,Mid,15,Yes,Yes,"Wok Fry with cauliflower in Dragon sauce, mid spice. Smoky, bold, red chili sauce, spicy"
Wok Fry Cauliflower Dragon Spicy,Wok Fry,Cauliflower,Dragon,Spicy,15,Yes,Yes,"Wok Fry with cauliflower in Dragon sauce, spicy spice. Smoky, bold, red chili sauce, spicy"
Wok Fry Cauliflower Dragon Very Spicy,Wok Fry,Cauliflower,Dragon,Very Spicy,15,Yes,Yes,"Wok Fry with cauliflower in Dragon sauce, very spicy spice. Smoky, bold, red chili sauce, spicy"
Wok Fry Cauliflower Manchurian Mid,Wok Fry,Cauliflower,Manchurian,Mid,15,Yes,Yes,"Wok Fry with cauliflower in Manchurian sauce, mid spice. Soy-ginger-garlic gravy, umami, Indo-Chinese"
Wok Fry Cauliflower Manchurian Spicy,Wok Fry,Cauliflower,Manchurian,Spicy,15,Yes,Yes,"Wok Fry with cauliflower in Manchurian sauce, spicy spice. Soy-ginger-garlic gravy, umami, Indo-Chinese"
Wok Fry Cauliflower Manchurian Very Spicy,Wok Fry,Cauliflower,Manchurian,Very Spicy,15,Yes,Yes,"Wok Fry with cauliflower in Manchurian sauce, very spicy spice. Soy-ginger-garlic gravy, umami, Indo-Chinese"
Wok Fry Soya Chilli 65 Mid,Wok Fry,Soya,Chilli 65,Mid,16,Yes,Yes,"Wok Fry with soya in Chilli 65 sauce, mid spice. Classic South Indian fried, spicy yogurt sauce, curry leaves, red chili"
Wok Fry Soya Chilli 65 Spicy,Wok Fry,Soya,Chilli 65,Spicy,16,Yes,Yes,"Wok Fry with soya in Chilli 65 sauce, spicy spice. Classic South Indian fried, spicy yogurt sauce, curry leaves, red chili"
Wok Fry Soya Chilli 65 Very Spicy,Wok Fry,Soya,Chilli 65,Very Spicy,16,Yes,Yes,"Wok Fry with soya in Chilli 65 sauce, very spicy spice. Classic South Indian fried, spicy yogurt sauce, curry leaves, red chili"
Wok Fry Soya Honey Chilli Mid,Wok Fry,Soya,Honey Chilli,Mid,16,Yes,Yes,"Wok Fry with soya in Honey Chilli sauce, mid spice. Sweet and spicy glaze, sesame"
Wok Fry Soya Honey Chilli Spicy,Wok Fry,Soya,Honey Chilli,Spicy,16,Yes,Yes,"Wok Fry with soya in Honey Chilli sauce, spicy spice. Sweet and spicy glaze, sesame"
Wok Fry Soya Honey Chilli Very Spicy,Wok Fry,Soya,Honey Chilli,Very Spicy,16,Yes,Yes,"Wok Fry with soya in Honey Chilli sauce, very spicy spice. Sweet and spicy glaze, sesame"
Wok Fry Soya Burnt Garlic Mid,Wok Fry,Soya,Burnt Garlic,Mid,16,Yes,Yes,"Wok Fry with soya in Burnt Garlic sauce, mid spice. Smoky garlic and soy, earthy, umami, not spicy"
Wok Fry Soya Burnt Garlic Spicy,Wok Fry,Soya,Burnt Garlic,Spicy,16,Yes,Yes,"Wok Fry with soya in Burnt Garlic sauce, spicy spice. Smoky garlic and soy, earthy, umami, not spicy"
Wok Fry Soya Burnt Garlic Very Spicy,Wok Fry,Soya,Burnt Garlic,Very Spicy,16,Yes,Yes,"Wok Fry with soya in Burnt Garlic sauce, very spicy spice. Smoky garlic and soy, earthy, umami, not spicy"
Wok Fry Soya Kung Pao Mid,Wok Fry,Soya,Kung Pao,Mid,16,Yes,Yes,"Wok Fry with soya in Kung Pao sauce, mid spice. Soy, garlic, chili, roasted peanuts, spicy"
Wok Fry Soya Kung Pao Spicy,Wok Fry,Soya,Kung Pao,Spicy,16,Yes,Yes,"Wok Fry with soya in Kung Pao sauce, spicy spice. Soy, garlic, chili, roasted peanuts, spicy"
Wok Fry Soya Kung Pao Very Spicy,Wok Fry,Soya,Kung Pao,Very Spicy,16,Yes,Yes,"Wok Fry with soya in Kung Pao sauce, very spicy spice. Soy, garlic, chili, roasted peanuts, spicy"
Wok Fry Soya Dragon Mid,Wok Fry,Soya,Dragon,Mid,16,Yes,Yes,"Wok Fry with soya in Dragon sauce, mid spice. Smoky, bold, red chili sauce, spicy"
Wok Fry Soya Dragon Spicy,Wok Fry,Soya,Dragon,Spicy,16,Yes,Yes,"Wok Fry with soya in Dragon sauce, spicy spice. Smoky, bold, red chili sauce, spicy"
Wok Fry Soya Dragon Very Spicy,Wok Fry,Soya,Dragon,Very Spicy,16,Yes,Yes,"Wok Fry with soya in Dragon sauce, very spicy spice. Smoky, bold, red chili sauce, spicy"
Wok Fry Soya Manchurian Mid,Wok Fry,Soya,Manchurian,Mid,16,Yes,Yes,"Wok Fry with soya in Manchurian sauce, mid spice. Soy-ginger-garlic gravy, umami, Indo-Chinese"
Wok Fry Soya Manchurian Spicy,Wok Fry,Soya,Manchurian,Spicy,16,Yes,Yes,"Wok Fry with soya in Manchurian sauce, spicy spice. Soy-ginger-garlic gravy, umami, Indo-Chinese"
Wok Fry Soya Manchurian Very Spicy,Wok Fry,Soya,Manchurian,Very Spicy,16,Yes,Yes,"Wok Fry with soya in Manchurian sauce, very spicy spice. Soy-ginger-garlic gravy, umami, Indo-Chinese"
Wok Fry Potato Chilli 65 Mid,Wok Fry,Potato,Chilli 65,Mid,15,Yes,Yes,"Wok Fry with potato in Chilli 65 sauce, mid spice. Classic South Indian fried, spicy yogurt sauce, curry leaves, red chili"
Wok Fry Potato Chilli 65 Spicy,Wok Fry,Potato,Chilli 65,Spicy,15,Yes,Yes,"Wok Fry with potato in Chilli 65 sauce, spicy spice. Classic South Indian fried, spicy yogurt sauce, curry leaves, red chili"
Wok Fry Potato Chilli 65 Very Spicy,Wok Fry,Potato,Chilli 65,Very Spicy,15,Yes,Yes,"Wok Fry with potato in Chilli 65 sauce, very spicy spice. Classic South Indian fried, spicy yogurt sauce, curry leaves, red chili"
Wok Fry Potato Honey Chilli Mid,Wok Fry,Potato,Honey Chilli,Mid,15,Yes,Yes,"Wok Fry with potato in Honey Chilli sauce, mid spice. Sweet and spicy glaze, sesame"
Wok Fry Potato Honey Chilli Spicy,Wok Fry,Potato,Honey Chilli,Spicy,15,Yes,Yes,"Wok Fry with potato in Honey Chilli sauce, spicy spice. Sweet and spicy glaze, sesame"
Wok Fry Potato Honey Chilli Very Spicy,Wok Fry,Potato,Honey Chilli,Very Spicy,15,Yes,Yes,"Wok Fry with potato in Honey Chilli sauce, very spicy spice. Sweet and spicy glaze, sesame"
Wok Fry Potato Burnt Garlic Mid,Wok Fry,Potato,Burnt Garlic,Mid,15,Yes,Yes,"Wok Fry with potato in Burnt Garlic sauce, mid spice. Smoky garlic and soy, earthy, umami, not spicy"
Wok Fry Potato Burnt Garlic Spicy,Wok Fry,Potato,Burnt Garlic,Spicy,15,Yes,Yes,"Wok Fry with potato in Burnt Garlic sauce, spicy spice. Smoky garlic and soy, earthy, umami, not spicy"
Wok Fry Potato Burnt Garlic Very Spicy,Wok Fry,Potato,Burnt Garlic,Very Spicy,15,Yes,Yes,"Wok Fry with potato in Burnt Garlic sauce, very spicy spice. Smoky garlic and soy, earthy, umami, not spicy"
Wok Fry Potato Kung Pao Mid,Wok Fry,Potato,Kung Pao,Mid,15,Yes,Yes,"Wok Fry with potato in Kung Pao sauce, mid spice. Soy, garlic, chili, roasted peanuts, spicy"
Wok Fry Potato Kung Pao Spicy,Wok Fry,Potato,Kung Pao,Spicy,15,Yes,Yes,"Wok Fry with potato in Kung Pao sauce, spicy spice. Soy, garlic, chili, roasted peanuts, spicy"
Wok Fry Potato Kung Pao Very Spicy,Wok Fry,Potato,Kung Pao,Very Spicy,15,Yes,Yes,"Wok Fry with potato in Kung Pao sauce, very spicy spice. Soy, garlic, chili, roasted peanuts, spicy"
Wok Fry Potato Dragon Mid,Wok Fry,Potato,Dragon,Mid,15,Yes,Yes,"Wok Fry with potato in Dragon sauce, mid spice. Smoky, bold, red chili sauce, spicy"
Wok Fry Potato Dragon Spicy,Wok Fry,Potato,Dragon,Spicy,15,Yes,Yes,"Wok Fry with potato in Dragon sauce, spicy spice. Smoky, bold, red chili sauce, spicy"
Wok Fry Potato Dragon Very Spicy,Wok Fry,Potato,Dragon,Very Spicy,15,Yes,Yes,"Wok Fry with potato in Dragon sauce, very spicy spice. Smoky, bold, red chili sauce, spicy"
Wok Fry Potato Manchurian Mid,Wok Fry,Potato,Manchurian,Mid,15,Yes,Yes,"Wok Fry with potato in Manchurian sauce, mid spice. Soy-ginger-garlic gravy, umami, Indo-Chinese"
Wok Fry Potato Manchurian Spicy,Wok Fry,Potato,Manchurian,Spicy,15,Yes,Yes,"Wok Fry with potato in Manchurian sauce, spicy spice. Soy-ginger-garlic gravy, umami, Indo-Chinese"
Wok Fry Potato Manchurian Very Spicy,Wok Fry,Potato,Manchurian,Very Spicy,15,Yes,Yes,"Wok Fry with potato in Manchurian sauce, very spicy spice. Soy-ginger-garlic gravy, umami, Indo-Chinese"
Wok Fry Egg Chilli 65 Mid,Wok Fry,Egg,Chilli 65,Mid,14,No,Vegetarian,"Wok Fry with egg in Chilli 65 sauce, mid spice. Classic South Indian fried, spicy yogurt sauce, curry leaves, red chili"
Wok Fry Egg Chilli 65 Spicy,Wok Fry,Egg,Chilli 65,Spicy,14,No,Vegetarian,"Wok Fry with egg in Chilli 65 sauce, spicy spice. Classic South Indian fried, spicy yogurt sauce, curry leaves, red chili"
Wok Fry Egg Chilli 65 Very Spicy,Wok Fry,Egg,Chilli 65,Very Spicy,14,No,Vegetarian,"Wok Fry with egg in Chilli 65 sauce, very spicy spice. Classic South Indian fried, spicy yogurt sauce, curry leaves, red chili"
Wok Fry Egg Honey Chilli Mid,Wok Fry,Egg,Honey Chilli,Mid,14,No,Vegetarian,"Wok Fry with egg in Honey Chilli sauce, mid spice. Sweet and spicy glaze, sesame"
Wok Fry Egg Honey Chilli Spicy,Wok Fry,Egg,Honey Chilli,Spicy,14,No,Vegetarian,"Wok Fry with egg in Honey Chilli sauce, spicy spice. Sweet and spicy glaze, sesame"
Wok Fry Egg Honey Chilli Very Spicy,Wok Fry,Egg,Honey Chilli,Very Spicy,14,No,Vegetarian,"Wok Fry with egg in Honey Chilli sauce, very spicy spice. Sweet and spicy glaze, sesame"
Wok Fry Egg Burnt Garlic Mid,Wok Fry,Egg,Burnt Garlic,Mid,14,No,Vegetarian,"Wok Fry with egg in Burnt Garlic sauce, mid spice. Smoky garlic and soy, earthy, umami, not spicy"
Wok Fry Egg Burnt Garlic Spicy,Wok Fry,Egg,Burnt Garlic,Spicy,14,No,Vegetarian,"Wok Fry with egg in Burnt Garlic sauce, spicy spice. Smoky garlic and soy, earthy, umami, not spicy"
Wok Fry Egg Burnt Garlic Very Spicy,Wok Fry,Egg,Burnt Garlic,Very Spicy,14,No,Vegetarian,"Wok Fry with egg in Burnt Garlic sauce, very spicy spice. Smoky garlic and soy, earthy, umami, not spicy"
Wok Fry Egg Kung Pao Mid,Wok Fry,Egg,Kung Pao,Mid,14,No,Vegetarian,"Wok Fry with egg in Kung Pao sauce, mid spice. Soy, garlic, chili, roasted peanuts, spicy"
Wok Fry Egg Kung Pao Spicy,Wok Fry,Egg,Kung Pao,Spicy,14,No,Vegetarian,"Wok Fry with egg in Kung Pao sauce, spicy spice. Soy, garlic, chili, roasted peanuts, spicy"
Wok Fry Egg Kung Pao Very Spicy,Wok Fry,Egg,Kung Pao,Very Spicy,14,No,Vegetarian,"Wok Fry with egg in Kung Pao sauce, very spicy spice. Soy, garlic, chili, roasted peanuts, spicy"
Wok Fry Egg Dragon Mid,Wok Fry,Egg,Dragon,Mid,14,No,Vegetarian,"Wok Fry with egg in Dragon sauce, mid spice. Smoky, bold, red chili sauce, spicy"
Wok Fry Egg Dragon Spicy,Wok Fry,Egg,Dragon,Spicy,14,No,Vegetarian,"Wok Fry with egg in Dragon sauce, spicy spice. Smoky, bold, red chili sauce, spicy"
Wok Fry Egg Dragon Very Spicy,Wok Fry,Egg,Dragon,Very Spicy,14,No,Vegetarian,"Wok Fry with egg in Dragon sauce, very spicy spice. Smoky, bold, red chili sauce, spicy"
Wok Fry Egg Manchurian Mid,Wok Fry,Egg,Manchurian,Mid,14,No,Vegetarian,"Wok Fry with egg in Manchurian sauce, mid spice. Soy-ginger-garlic gravy, umami, Indo-Chinese"
Wok Fry Egg Manchurian Spicy,Wok Fry,Egg,Manchurian,Spicy,14,No,Vegetarian,"Wok Fry with egg in Manchurian sauce, spicy spice. Soy-ginger-garlic gravy, umami, Indo-Chinese"
Wok Fry Egg Manchurian Very Spicy,Wok Fry,Egg,Manchurian,Very Spicy,14,No,Vegetarian,"Wok Fry with egg in Manchurian sauce, very spicy spice. Soy-ginger-garlic gravy, umami, Indo-Chinese"
